-- phpMyAdmin SQL Dump
-- version 3.3.2deb1ubuntu1
-- http://www.phpmyadmin.net
--
-- Servidor: localhost
-- Tiempo de generación: 20-08-2012 a las 14:02:17
-- Versión del servidor: 5.1.63
-- Versión de PHP: 5.3.2-1ubuntu4.17

SET SQL_MODE="NO_AUTO_VALUE_ON_ZERO";


/*!40101 SET @OLD_CHARACTER_SET_CLIENT=@@CHARACTER_SET_CLIENT */;
/*!40101 SET @OLD_CHARACTER_SET_RESULTS=@@CHARACTER_SET_RESULTS */;
/*!40101 SET @OLD_COLLATION_CONNECTION=@@COLLATION_CONNECTION */;
/*!40101 SET NAMES utf8 */;

--
-- Base de datos: `nuevasformas`
--

-- --------------------------------------------------------

--
-- Estructura de tabla para la tabla `category`
--

CREATE TABLE IF NOT EXISTS `category` (
  `id` bigint(20) NOT NULL AUTO_INCREMENT,
  `name` varchar(100) NOT NULL,
  `description` text,
  `cover_img` varchar(255) DEFAULT NULL,
  `publish` tinyint(1) NOT NULL DEFAULT '0',
  `slug` varchar(255) DEFAULT NULL,
  `position` bigint(20) DEFAULT NULL,
  PRIMARY KEY (`id`),
  UNIQUE KEY `name` (`name`),
  UNIQUE KEY `category_sluggable_idx` (`slug`),
  UNIQUE KEY `category_position_sortable_idx` (`position`)
) ENGINE=InnoDB  DEFAULT CHARSET=latin1 AUTO_INCREMENT=16 ;

--
-- Volcar la base de datos para la tabla `category`
--

INSERT INTO `category` (`id`, `name`, `description`, `cover_img`, `publish`, `slug`, `position`) VALUES
(1, 'Escritorios', NULL, 'TiraEscritorios.jpg', 1, 'escritorios', NULL),
(3, 'Módulos', '', 'cd3808b9cf65b92a6512713a50ca4db096b7eb1d.jpg', 1, 'modulos', NULL),
(6, 'Camas', '', 'f16c1387096fb9427c1bb513682822d17f478900.jpg', 1, 'camas', NULL),
(7, 'Cajoneras', 'Cajoneras', '08869473f3830e36b0a7112e3af4b4ab43a3d406.jpg', 1, 'cajoneras', NULL),
(8, 'Divisores', '', '10452abf8c78467a8cf1b96201024c358d1fbd1c.jpg', 1, 'divisores', NULL),
(9, 'Paneles', '', 'TiraPaneles.jpg', 1, 'paneles', NULL),
(10, 'Placards', NULL, 'TiraPlacards.jpg', 1, 'placards', NULL),
(11, 'Modulares y TV', '', 'TiraPlasma.jpg', 1, 'modulares-y-tv', NULL),
(12, 'Vitrinas', NULL, 'TiraVitrinas.jpg', 1, 'vitrinas', NULL),
(13, 'Mesas', 'Mesas', 'e6daadbea691ff0325585250e5520d6a5f1c55b2.jpg', 1, 'mesas', NULL),
(14, 'Bibliotecas', '', '9ee530857fbd3e2e4ea87398d7093c70663dd317.jpg', 1, 'bibliotecas', NULL),
(15, 'Bauleras', '', '0583bbb4208713dca69f0af402a8ba82411bdae6.jpg', 1, 'bauleras', NULL);

-- --------------------------------------------------------

--
-- Estructura de tabla para la tabla `migration_version`
--

CREATE TABLE IF NOT EXISTS `migration_version` (
  `version` int(11) DEFAULT NULL
) ENGINE=InnoDB DEFAULT CHARSET=latin1;

--
-- Volcar la base de datos para la tabla `migration_version`
--

INSERT INTO `migration_version` (`version`) VALUES
(2);

-- --------------------------------------------------------

--
-- Estructura de tabla para la tabla `model`
--

CREATE TABLE IF NOT EXISTS `model` (
  `id` bigint(20) NOT NULL AUTO_INCREMENT,
  `category_id` bigint(20) NOT NULL,
  `name` varchar(100) NOT NULL,
  `cover_img` varchar(255) DEFAULT NULL,
  `description` text NOT NULL,
  `price` bigint(20) NOT NULL,
  `publish` tinyint(1) NOT NULL DEFAULT '0',
  `promote` tinyint(1) NOT NULL DEFAULT '0',
  `slug` varchar(255) DEFAULT NULL,
  PRIMARY KEY (`id`),
  UNIQUE KEY `name` (`name`),
  UNIQUE KEY `model_sluggable_idx` (`slug`),
  KEY `category_id_idx` (`category_id`)
) ENGINE=InnoDB  DEFAULT CHARSET=latin1 AUTO_INCREMENT=109 ;

--
-- Volcar la base de datos para la tabla `model`
--

INSERT INTO `model` (`id`, `category_id`, `name`, `cover_img`, `description`, `price`, `publish`, `promote`, `slug`) VALUES
(1, 1, 'Tablero Revatible PC y Notebook', 'Revatible00.jpg', 'Ancho:	  145 cm\r\nAlto abierto: 150 cm\r\nAlto cerrado: 80 cm\r\nProfundidad:  70 cm\r\n\r\nEscritorio con tablero revatible para usar con pc y notebook al mismo tiempo, cerrado es un tablero de escritorio completo.\r\n\r\nCorrederas telescópicas y tiradores metálicos hafele\r\n\r\nDisponible en todos los colores.\r\n\r\n\r\n', 3450, 1, 0, 'tablero-revatible-pc-y-notebook'),
(2, 1, 'Plano Base PC c/alzada', 'PlanoBase00.jpg', 'Ancho: 145 cm\r\nAlto: 170 cm\r\nProf:  65 cm\r\n\r\nEscritorio pc tablero plano, bandeja para teclado, con alzada.\r\n\r\nCorrederas telescópicas y tiradores metálicos hafele\r\n\r\nDisponible en todos los colores.\r\n\r\n\r\n', 2600, 1, 0, 'plano-base-pc-c-alzada'),
(4, 1, 'Tablero en Desnivel Alzada Ptas. de Vidrio', 'DesnVidrio00.jpg', 'Ancho: 160 cm\r\nAlto: 185 cm\r\nProf:  65 cm\r\n\r\nEscritorio pc con tablero en desnivel, alzada con puertas de vidrio y cajonera completa.\r\n\r\nCorrederas telescópicas y tiradores metálicos hafele\r\n\r\nDisponible en todos los colores.\r\n\r\n\r\n', 3400, 1, 0, 'tablero-en-desnivel-alzada-ptas-de-vidrio'),
(6, 1, 'Para PC con Bibliotecas regulables', 'Bibliotecas00.jpg', 'Ancho: 155 cm\r\nAlto: 170 cm\r\nProf:  50 cm\r\n\r\nEscritorio para pc con bibliotecas laterales de estantes regulables, bandeja para teclado y mouse.\r\n\r\nCorrederas telescópicas y tiradores metálicos hafele\r\n\r\nDisponible en todos los colores.\r\n\r\n\r\n', 2300, 1, 0, 'para-pc-con-bibliotecas-regulables'),
(7, 1, 'Ele Alzada Cajonera y Baulera deslizable', '2195364a7ae3c8f160cba2b2cedc381c220b3f26.jpg', 'Ancho: 150 cm\r\nAlto: 195 cm\r\nProf. tablero:  65 cm\r\nProf. sobre cajonera: 110cm\r\n\r\nEscritorio en ele con cajonera completa, baulera deslizable con ruedas para aprovechar la esquina y alzada con estantes regulables.\r\nEn tres colores.\r\n\r\nCorrederas telescópicas y tiradores metálicos hafele\r\n\r\nDisponible en todos los colores.\r\n\r\n\r\n', 4600, 1, 0, 'ele-alzada-cajonera-y-baulera-deslizable'),
(8, 1, 'Doble Alzada Cajonera 2 puestos', '01887e4087e29a5322524d26b0dc1d4e1d0a2890.jpg', 'Ancho: 215 cm\r\nAlto: 210 cm\r\nProf:  65 cm\r\n\r\nEscritorio doble pc, dos puestos de trabajo, cajonera central, cajones sobre cada porta cpu, alzada con estantes regulables.\r\n\r\nCorrederas telescópicas y tiradores metálicos hafele\r\n\r\nDisponible en todos los colores.\r\n\r\n\r\n', 5100, 1, 0, 'doble-alzada-cajonera-2-puestos'),
(9, 1, 'Doble Con ruedas y cajonera independiente', 'f8895fd8e3177873f338236131661acddb11e2b4.jpg', 'Ancho: 200 cm\r\nAlto: 200 cm\r\nProf:  70 cm\r\n\r\nEscritorio doble con portacpu especiales para cpu profundas, cajonera independiente con ruedas, alzada con línea completa de puertas de vidrio y la otra línea con regulables.\r\n\r\nTablero en desnivel, laterales y estrucatura principal con ruedas de alta resistencia con freno. El escritorio se desliza completo.\r\n\r\nCorrederas telescópicas y tiradores metálicos hafele\r\n\r\nDisponible en todos los colores.\r\n\r\n\r\n', 6300, 1, 0, 'doble-con-ruedas-y-cajonera-independiente'),
(10, 1, 'Desnivel Base Alzada Cajones y puerta', '925a25bb0f15fc9da7cdf228d203124f70d2ea1e.jpg', 'Ancho: 145 cm\r\nAlto: 170 cm\r\nProf:  65 cm\r\n\r\nEscritorio pc tablero en desnivel, alzada redondeada 2 cajones y puerta.\r\n\r\nCorrederas telescópicas y tiradores metálicos hafele\r\n\r\nDisponible en todos los colores.\r\n\r\n\r\n', 2650, 1, 0, 'desnivel-base-alzada-cajones-y-puerta'),
(11, 1, 'Desnivel Tablero en 3 niveles', '8df3f261994622cb8cd22deaed4c79793c111840.jpg', 'Ancho: 150 cm\r\nAlto mayor: 100 cm\r\nProf:  65 cm\r\n\r\nEscritorio pc con tablero en 3 niveles, nivel bajo para teclado y mouse o notebook, 2 cajones y espacio baulera.\r\n\r\nCorrederas telescópicas y tiradores metálicos hafele\r\n\r\nDisponible en todos los colores.\r\n\r\n\r\n', 2400, 1, 0, 'desnivel-tablero-en-3-niveles'),
(12, 1, 'Para PC Bibliotecas regulables y puertas', 'de44002ff64e9bc6b4eaff214339b797f4be8e2a.jpg', 'Ancho: 200 cm\r\nAlto: 200 cm\r\nProf. tablero:  45 cm\r\nProf. bibliotecas: 35cm\r\n\r\nEscritorio modular con 6 puertas, portacpu y bajotablero para teclado y mouse, estantes regulables.\r\n\r\nCorrederas telescópicas y tiradores metálicos hafele\r\n\r\nDisponible en todos los colores.\r\n\r\n\r\n', 3800, 1, 0, 'para-pc-bibliotecas-regulables-y-puertas'),
(13, 1, 'Doble Ele estilo Retro Alzada', '9560cdc5be4f9e1a7288f9ce6e0265c71c04c68d.jpg', 'Ancho: 210 cm\r\nAlto: 180 cm\r\nProf. tablero:  70 cm\r\nProf. sobre cajonera: 115 cm\r\n\r\nEscritorio doble pc, diseño con estilo retro, tiradores retro metálicos hafele, doble frente para dividir ambientes, en dos colores.\r\n\r\nCajonera completa y puerta con estante regulable del otro lado.\r\n\r\nCorrederas telescópicas y tiradores metálicos hafele\r\n\r\nDisponible en todos los colores.\r\n\r\n\r\n', 5900, 1, 0, 'doble-ele-estilo-retro-alzada'),
(14, 1, 'Ele Alzada con Puertas', 'fef601faba114e20cf673b9962f607114c23b8c2.jpg', 'Ancho: 150 cm\r\nAlto: 220 cm\r\nProf. tablero:  65 cm\r\nProf. sobre cajonera: 115cm\r\n\r\nEscritorio pc en ele, alzada con puertas, estantes regulables, cajonera completa y bandeja para teclado y mouse.\r\n\r\nCorrederas telescópicas y tiradores metálicos hafele\r\n\r\nDisponible en todos los colores.\r\n\r\n\r\n', 4100, 1, 0, 'ele-alzada-con-puertas'),
(15, 1, 'Ele Baulera corrediza sin alzada', '428d9b6ae7ad63fa5f3537052a363f53413b63ac.jpg', 'Ancho: 145 cm\r\nAlto: 80 cm\r\nProf. tablero:  65 cm\r\nProf. sobre cajonera: 110cm\r\n\r\nEscritorio pc en ele con baulera deslizable esquinera, cajonera completa y sin alzada.\r\n\r\nCorrederas telescópicas y tiradores metálicos hafele\r\n\r\nDisponible en todos los colores.\r\n\r\n\r\n', 3500, 1, 0, 'ele-baulera-corrediza-sin-alzada'),
(16, 1, 'Doble Base 2 puestos Alzada', '6cadb80e5f5de01779ea489ceeee6e54187ff13b.jpg', 'Ancho: 200 cm\r\nAlto: 210 cm\r\nProf:  65 cm\r\n\r\nEscritorio pc doble puesto de trabajo, cajonera completa lateral, un portacpu central, dos bajotablero y alzada con puertas de vidrio.\r\n\r\nCorrederas telescópicas y tiradores metálicos hafele\r\n\r\nDisponible en todos los colores.\r\n\r\n\r\n', 4250, 1, 0, 'doble-base-2-puestos-alzada'),
(17, 1, 'Modelo Clara con Alzada', '6c08c055321b4d1f056ad37362b3533adefba86c.jpg', 'Ancho: 180 cm\r\nAlto: 180 cm\r\nProf:  65 cm\r\n\r\nEscritorio pc con alzada y bauleras con cajón en cada lateral, bajotablero amplio para teclado y mouse.\r\n\r\nCorrederas telescópicas y tiradores metálicos hafele\r\n\r\nDisponible en todos los colores.\r\n\r\n\r\n', 3300, 1, 0, 'modelo-clara-con-alzada'),
(18, 1, 'Escritorio Piano Pc alzada para sonido', '9fd89cfa8f514667e26d4087fb53ab21e0d8bf5b.jpg', 'Ancho: 150 cm\r\nAlto: 105 cm\r\nProf:  70 cm\r\n\r\nEscritorio pc para teclado musical o piano eléctrico con alzada para equipos de música, porta placa de sonido o estabilizador sobre el portacpu.\r\n\r\nCorrederas telescópicas y tiradores metálicos hafele\r\n\r\nDisponible en todos los colores.\r\n\r\n\r\n', 2500, 1, 0, 'escritorio-piano-pc-alzada-para-sonido'),
(19, 1, 'Plano Alzada con puertas vidrio', 'b1e3204df37517d34701040c438e53718700aac6.jpg', 'Ancho: 155 cm\r\nAlto: 185 cm\r\nProf:  65 cm\r\n\r\nEscritorio pc con alzada con puertas de vidrio, estantes redondeados, tablero plano, bajotablero amplio.\r\n\r\nCorrederas telescópicas y tiradores metálicos hafele\r\n\r\nDisponible en todos los colores.\r\n\r\n\r\n', 3340, 1, 0, 'plano-alzada-con-puertas-vidrio'),
(20, 1, 'Plano 4 cajones 2 colores', 'a9576314f3f9e4779a2cd3a2c45500dbc34267df.jpg', 'Ancho: 145 cm\r\nAlto: 170 cm\r\nProf:  65 cm\r\n\r\nEscritorio pc tablero plano, cajonera completa, dos colores con alzada.\r\n\r\nCorrederas telescópicas y tiradores metálicos hafele\r\n\r\nDisponible en todos los colores.\r\n\r\n\r\n', 2880, 1, 0, 'plano-4-cajones-2-colores'),
(21, 1, 'Tablero Revatible con Mód. Impresora', '873eac4536d80eef44ed8fa9504e40612278ff30.jpg', 'Escritorio:\r\n\r\nAncho: 145 cm\r\nAlto: 80 cm\r\nProf:  70 cm\r\n\r\nMódulo impresora:\r\n\r\nAncho: 55 cm\r\nAlto: 80 cm\r\nProf:  70 cm\r\n\r\nEscritorio pc con tablero revatible más módulo para impresora, cerrados ambos forman un escritorio completo de 200x70cm utilizable.\r\n\r\nCorrederas telescópicas y tiradores metálicos hafele\r\n\r\nDisponible en todos los colores.\r\n\r\n\r\n', 4720, 1, 0, 'tablero-revatible-con-mod-impresora'),
(22, 1, 'Plano Base Fdo. Melamina', '00bcc180ceb150f99a7880faac16ea32fbdb8d38.jpg', 'Ancho: 145 cm\r\nAlto: 170 cm\r\nProf:  65 cm\r\n\r\nEscritorio pc tablero plano, alzada rígida con fondo en melamina.\r\n\r\nCorrederas telescópicas y tiradores metálicos hafele\r\n\r\nDisponible en todos los colores.\r\n\r\n\r\n', 2650, 1, 0, 'plano-base-fdo-melamina'),
(23, 1, 'Chico con Alzada', '5adea38e3984301ed849292ab194a639094dbb0e.jpg', 'Ancho: 100 cm\r\nAlto: 165 cm\r\nProf:  65 cm\r\n\r\nEscritorio chico para pc, con bajotablero completo, sin cajones.\r\n\r\nCorrederas telescópicas y tiradores metálicos hafele\r\n\r\nDisponible en todos los colores.\r\n\r\n\r\n', 1440, 1, 0, 'chico-con-alzada'),
(24, 1, 'Chico sin alzada', '5ad71b712cff87310f6fa084bc218794a0edec1c.jpg', 'Ancho: 145 cm\r\nAlto: 80 cm\r\nProf:  65 cm\r\n\r\nEscritorio chico para pc, sin alzada, bajotablero y mouse de lado a lado.\r\n\r\nCorrederas telescópicas y tiradores metálicos hafele\r\n\r\nDisponible en todos los colores.\r\n\r\n\r\n', 980, 1, 0, 'chico-sin-alzada'),
(25, 1, 'Angulo Chico', 'bf1a94064ecee5857417ee50f4dd561b18b6483b.jpg', 'Ancho: 94 cm\r\nAlto: 90 cm\r\nProf:  50 cm\r\n\r\nEscritorio pc tablero en desnivel y cortes en ángulo, armado en una sola pieza.\r\n\r\nCorrederas telescópicas y tiradores metálicos hafele\r\n\r\nDisponible en todos los colores.\r\n\r\n\r\n', 860, 1, 0, 'angulo-chico'),
(26, 3, 'Módulo biblioteca standar', '0d821e55b5190262ce8b42138f34cc2e7b3e94d7.jpg', 'Ancho: 80cm\r\nAlto:  80cm\r\nProf:  25cm\r\n\r\nMódulos biblioteca diseño irregular para apoyar o para colgar.\r\n\r\nFabricamos en medidas especiales.\r\n\r\nDisponibles en todos los colores.', 520, 1, 0, 'modulo-biblioteca-standar'),
(27, 3, 'Módulo biblioteca para mesa de plasma', 'babe0e615b8372e59c278a091934e5cf6b5af682.jpg', 'Ancho: 80cm\r\nAlto:  60cm\r\nProf:  25cm\r\n\r\nMódulo a medida de tv plasma o tipo plano, con espacio para dvd .\r\n\r\nFabricamos en medidas especiales.\r\n\r\nDisponibles en todos los colores.', 460, 1, 0, 'modulo-biblioteca-para-mesa-de-plasma'),
(28, 3, 'Módulos divisores de ambiente - Doble frente', '1a35de72b55f130cfd996293e8228e04008a7e4d.jpg', 'Cada módulo mide:\r\n\r\nAncho: 80cm\r\nAlto:  80cm\r\nProf:  25cm\r\n\r\nDivisor base: 160x160x25cm\r\n\r\nMódulos con doble frente combinados formando una división abierta en ambientes donde no se desea perder el paso de luz.\r\n\r\nFabricamos en medidas especiales.\r\n\r\nDisponibles en todos los colores.', 2300, 1, 0, 'modulos-divisores-de-ambiente-doble-frente'),
(29, 3, 'Doble frente - fondos intermedios en varios colores', 'b0edd9fc564805a3b15138241ca9bfc716ab9893.jpg', 'Medidas del base:\r\n\r\nAncho: 80cm\r\nAlto:  80cm\r\nProf:  25cm\r\n\r\nMódulos biblioteca doble frente con placas intermedias a varios colores.\r\n\r\nSe usan en mitad de ambientes como semidivisores.\r\n\r\nFabricamos en medidas especiales.\r\n\r\nDisponibles en todos los colores.', 750, 1, 0, 'doble-frente-fondos-intermedios-en-varios-colores'),
(30, 3, 'Módulos biblioteca combinados', '1d0ae330cd83b10792c58ab4c2526a84375f0cc7.jpg', 'Medidas de cada módulo:\r\n\r\nAncho: 80cm\r\nAlto:  80cm\r\nProf:  25cm\r\n\r\nMódulos biblioteca combinados para ubicar contra pared.\r\n\r\nFabricamos en medidas especiales.\r\n\r\nDisponibles en todos los colores.\r\n\r\nEl precio es por 4 módulos.', 1900, 1, 0, 'modulos-biblioteca-combinados'),
(31, 3, 'Módulos biblioteca doble frente en 75x130x25cm', '7422ddad1115dea8d588125161a1ceebd291ba32.jpg', 'Ancho: 75cm\r\nAlto:  130cm\r\nProf:  25cm\r\n\r\nMódulos biblioteca con doble frente con doble altura, dividen ambientes.\r\n\r\nDisponibles en todos los colores.\r\n\r\nEl precio es por unidad', 980, 1, 0, 'modulos-biblioteca-doble-frente-en-75x130x25cm'),
(32, 3, 'Módulo biblioteca en 80x100cm', 'b347734fa58d5a0214308d9ac174a46e5614fca8.jpg', 'Ancho: 80cm\r\nAlto:  100cm\r\nProf:  25cm\r\n\r\nMódulos biblioteca fabricado en 100x80\r\n\r\nFabricamos en medidas especiales.\r\n\r\nDisponibles en todos los colores.', 690, 1, 0, 'modulo-biblioteca-en-80x100cm'),
(33, 3, 'Módulo biblioteca en 100x100cm', 'c0dd5e2cf7b40a2985ec153ff7fb4e7ffe91ec72.jpg', 'Ancho: 100cm\r\nAlto:  100cm\r\nProf:  25cm\r\n\r\nMódulos biblioteca fabricado en 100x100cm.\r\n\r\nFabricamos en medidas especiales.\r\n\r\nDisponibles en todos los colores.', 750, 1, 0, 'modulo-biblioteca-en-100x100cm'),
(34, 6, 'Cama fabricada en mdf para pintar', 'f29dec0e622fbb7bb4f3d4361f4177b17088ea8a.jpg', 'Ancho: 1,6 mts\r\nLargo: 2 mts\r\nAlto: 30 cms\r\n\r\nCama 2 plazas minimalista para pintar o laquear, fabricada en mdf de 25mm y 15 mm estructura.\r\n\r\nEn dos módulos para abulonar, 6 cajones profundos doble frente con correderas telescópicas.\r\n\r\nSe rediseña a cualquier medida de colchón y en otras cant. de cajones.', 3300, 1, 0, 'cama-fabricada-en-mdf-para-pintar'),
(35, 7, 'Cajonera Frente calado', '7bcd2248829c8f3fb4370071ff1cd65679ca0bb6.jpg', 'Medidas: variables\r\n\r\nCajonera doble frente calado, correderas telescópicas, laterales calados.\r\n\r\nFabricamos en medidas especiales.\r\n\r\nDisponibles en todos los colores.', 1030, 1, 0, 'cajonera-frente-calado'),
(36, 7, 'Cajoneras tipo escritorio', '696dfd6db258274b2e28c92e0254c9f1f1ded525.jpg', 'Medidas: variables\r\n\r\nCajoneras tipo de escritorio, correderas telescópicas, doble frente.\r\n\r\nFabricamos con tirador a elección o frente calado, con o sin cerradura.\r\n\r\nFabricamos en medidas especiales.\r\n\r\nDisponibles en todos los colores.\r\n\r\nConsultar precio según requerimientos!!!', 0, 1, 0, 'cajoneras-tipo-escritorio'),
(37, 7, 'Cajoneras tipo interior de placard', '9373ab4b8c7e39eaf45f8466446b105969c9ddff.jpg', 'Medidas: variables\r\n\r\nCajoneras para interior de placard, con cajones doble frente a tope con laterales, tiradores a elección o frente calado, correderas telescópicas.\r\n\r\nFabricamos en medidas especiales.\r\n\r\nDisponibles en todos los colores.\r\n\r\nConsltar precio según requerimientos!!!', 0, 1, 0, 'cajoneras-tipo-interior-de-placard'),
(38, 8, 'Divisor con placard y baulera', '0c3b35bde6df6f4b2326b0726b66cee8c72170a3.jpg', 'Ancho total: 200cm\r\nAlto total:      190cm\r\nProf. total:     50cm\r\n\r\nDivisor de ambientes.\r\nMódulo de placard con barral y dos estantes regulables y uno fijo.\r\n\r\nBaulera con puertas corredizas y estantes regulables.\r\n\r\nBibliotecas con diseño irregular doble frente.\r\n\r\nFabricamos en medidas especiales.\r\n\r\nDisponibles en todos los colores.', 4600, 1, 0, 'divisor-con-placard-y-baulera'),
(39, 8, 'Divisor con placard y baulera 3 colores', '3fd4c9ee3e8ab922e57be6e0d964b53f5edada7c.jpg', 'Ancho total: 200cm\r\nAlto total:      190cm\r\nProf. total:     50cm\r\n\r\nDivisor de ambientes.\r\nMódulo de placard con barral y dos estantes regulables y uno fijo.\r\n\r\nBaulera con puertas corredizas y estantes regulables.\r\n\r\nBibliotecas con diseño irregular doble frente.\r\n\r\nFabricamos en medidas especiales.\r\n\r\nDisponibles en todos los colores.', 4600, 1, 0, 'divisor-con-placard-y-baulera-3-colores'),
(40, 8, 'Divisor con baulera y bibliotecas doblefrente', '713ae381b80f676c47b0941ac40799e1cdece3d8.jpg', 'Ancho total: 150cm\r\nAlto total:      180cm\r\nProf. total:     50m\r\n\r\nOferta por 60 días a partir del 23/05\r\nEl precio real es $3100\r\nHasta finalizar publicación $2500!!\r\n\r\nDivisor conformado por baulera con estantes regulables y puertas corredizas, con bibliotecas irregulares doble frente.\r\n\r\nFabricamos en medidas especiales.\r\n\r\nDisponibles en todos los colores.', 2500, 1, 0, 'divisor-con-baulera-y-bibliotecas-doblefrente'),
(41, 8, 'Divisor con baulera y bibliotecas doble frente b/n', 'ff2bee856e959723ba1666337835e5675cf14524.jpg', 'Ancho total: 150cm\r\nAlto total:      180cm\r\nProf. total:     50m\r\n\r\nOferta por 60 días a partir del 23/05\r\nEl precio real es $3100\r\nHasta finalizar publicación $2500!!\r\n\r\nDivisor conformado por baulera con estantes regulables y puertas corredizas, con bibliotecas irregulares doble frente.\r\n\r\nFabricamos en medidas especiales.\r\n\r\nDisponibles en todos los colores.', 2500, 1, 0, 'divisor-con-baulera-y-bibliotecas-doble-frente-b-n'),
(42, 8, 'Divisor con placard y baulera 3 cols. 2 puertas', 'be34ea334f854680373c2248b6ba96673ddf1df0.jpg', 'Ancho total: 200cm \r\nAlto total: 190cm \r\nProf. total: 50cm \r\n\r\nDivisor de ambientes. Módulo de placard con barral y dos estantes regulables y uno fijo. Baulera con puertas corredizas y estantes regulables. Bibliotecas con diseño irregular doble frente. \r\n\r\nFabricamos en medidas especiales. \r\n\r\nDisponibles en todos los colores.', 4300, 1, 0, 'divisor-con-placard-y-baulera-3-cols-2-puertas'),
(43, 8, 'Divisor cerrado con bibliotecas irregulares', '37b4630dc352750d1f1c7d2a638eabeeb0da8686.jpg', 'ancho: 200cm\r\nalto:     200cm\r\nprof:     30cm\r\n\r\nDivisor tipo cerrado con bibliotecas irregulares para un lado (frente simple) y estantes regulables en los módulos inferiores.\r\n\r\nFabricamos en medidas especiales.\r\n\r\nDisponible en todos los colores.', 2400, 1, 0, 'divisor-cerrado-con-bibliotecas-irregulares'),
(44, 8, 'Divisor baulera y bibliotecas simétricas', '0e3863a1a0f2c864f465e3b8d6b6eeb127d08cfd.jpg', 'Ancho: 200cm\r\nAlto:      180cm\r\nprof:      50cm\r\n\r\nDivisor hecho a medida a partir de requerimientos de color y disposición de espacios del cliente.\r\n\r\nDisponible en todos los colores.', 3790, 1, 0, 'divisor-baulera-y-bibliotecas-simetricas'),
(45, 9, 'Panel divisor combinado', '39539581138ad1438ced154483b5a9f849157f13.jpg', 'Medidas: 180x180cm\r\n\r\nDivisor para usos múltiples (casas, oficias, estudios), diseñado en base a paneles con uniones en aluminio anodizado.\r\n\r\nUnión al piso con soporte especial, con goma antideslizante.\r\n\r\nNo se agujerea el piso, sólo la pared!!\r\n\r\nFabricamos a medida y disposición según cliente.\r\n\r\nDisponible en todos los colores.', 2190, 1, 0, 'panel-divisor-combinado'),
(46, 9, 'Paneles divisores cerramiento cocina', '1a25d9a79cb2a9a7b6c26fb6f130e6f0acd4ff4c.jpg', 'Medidas: variable según requerimiento\r\n\r\nDivisor cerramiento, separa amibientes manteniendo el flujo de luz y aire. \r\n\r\nDiseñado en base a paneles con uniones en aluminio anodizado.\r\n\r\nFabricamos a medida y disposición según cliente.\r\n\r\nDisponible en todos los colores.\r\n\r\nEl precio es por cada 180x180 con instalación incluída (no incluye flete)', 2190, 1, 0, 'paneles-divisores-cerramiento-cocina'),
(47, 9, 'Divisor cerramiento boxes', '26bc2d3926cbea68859b57e62a7b94f9ef9a2fad.jpg', 'Medida de c/box: 190x190cm\r\nalto: 220cm\r\n\r\nBoxes para centro de estética, diseñado todo en base a paneles con uniones de aluminio anodizado.\r\n\r\nUniones al piso con goma antideslizante.\r\n\r\nNo se agujerea el piso!!!\r\n\r\nNo se agujerea el piso, sólo la pared!!\r\n\r\nFabricamos a medida y disposición según cliente.\r\n\r\nDisponible en todos los colores.\r\n\r\nEl precio es por cada 180x180cm', 2190, 1, 0, 'divisor-cerramiento-boxes'),
(48, 9, 'Panel divisor simple', 'e1c29bbe59efbda2946132c239ce2936c503254e.jpg', 'Medidas: 180x180cm\r\n\r\nDivisor para usos múltiples (casas, oficias, estudios), diseñado en base a paneles con uniones en aluminio anodizado.\r\n\r\nUnión al piso con soporte especial, con goma antideslizante.\r\n\r\nNo se agujerea el piso, sólo la pared!!\r\n\r\nFabricamos a medida y disposición según cliente.\r\n\r\nDisponible en todos los colores.', 2190, 1, 0, 'panel-divisor-simple'),
(49, 10, 'Placard modelo base 2 colores', '2c8433ee224d1331a95997fffff65d7758de088b.jpg', 'Ancho: 180cm\r\nAlto: 200cm\r\nProf: 60cm\r\n\r\nPlacard con cajonera de 4 cajones, barral oval aluminio, zapatero, cubos y estantes regulables.\r\n\r\nHerrajes hafele y ducasse.\r\n\r\nDisponible en todos los colores.', 5060, 1, 0, 'placard-modelo-base-2-colores'),
(50, 10, 'Interior de placard', '1c097db1e1b726e9542d9ebf904b81007de28da3.jpg', 'Interior de placard a medida para hueco y puertas ya presentes en obra.\r\n\r\nTecho para baulera con doble barral y zapatero más cajonera doble para parte inferior.\r\n\r\nDisponible en todos los colores.', 2800, 1, 0, 'interior-de-placard'),
(51, 10, 'Módulo de placard vertical barral y regulables 3 colores', '114a2d0e7b9e46a60e434337914db2a2b51cf655.jpg', 'Ancho: 60cm\r\nAlto: 190cm\r\nProf: 50cm \r\n\r\nMódulo de placard con puertas bisagra, barral oval y estantes regulables. Fondo melamínico, doble frente opcional. \r\n\r\nDisponible en todos los colores.', 1550, 1, 0, 'modulo-de-placard-vertical-barral-y-regulables-3-colores'),
(52, 10, 'Interior de Baulera más escobero', 'f47a3ba9c25a299771040518ac71641bb7ef3d2c.jpg', 'Interior de baulera a medida para hueco y puertas ya presentes en obra. \r\n\r\nTecho para baulera y división inferior con estante regulables.\r\n\r\nDisponible en todos los colores.', 1600, 1, 0, 'interior-de-baulera-mas-escobero'),
(53, 10, 'Módulo de placard vertical barral y regulables', 'a050d2611417570eb2855e5db6b59622afb9fde4.jpg', 'Ancho: 60cm\r\nAlto: 190cm\r\nProf: 50cm\r\n\r\nMódulo de placard con puertas bisagra, barral oval y estantes regulables.\r\n\r\nFondo melamínico, doble frente opcional.\r\n\r\nDisponible en todos los colores.', 1440, 1, 0, 'modulo-de-placard-vertical-barral-y-regulables'),
(54, 10, 'Placard completo doble altura con baulera', 'c76d39998202b6589185e2136fc156c7233e593f.jpg', 'Ancho: 200cm\r\nAlto: 270cm\r\nProf: 65cm \r\n\r\nPlacard con cajonera de 4 cajones, barral oval aluminio, zapatero, cubos y estantes regulable más cajonera en dos tamaños de cajón (frente calado)\r\n\r\nBaulera incorporada con estantes regulables.\r\n\r\nHerrajes hafele y ducasse. \r\n\r\nDisponible en todos los colores.\r\n\r\nTRABAJO EN PROCESO FOTOS PRÓXIMAMENTE!', 7850, 0, 0, 'placard-completo-doble-altura-con-baulera'),
(55, 10, 'Escobero base', '263040a16079e056ef7f1654e933244ccd192f4f.jpg', 'Escobero a medida con estante regulable y patas.\r\n\r\nDisponible en todos los colores', 550, 1, 0, 'escobero-base'),
(56, 11, 'Moduloar con puertas y estantes regulables', '0a08abc000460822aa03fc35c6ecd408f58e199c.jpg', 'Ancho: 180cm\r\nAlto: 170cm\r\nProf.: 50cm\r\n\r\nModular con puertas y estantes regulables, puertas a tope esquinas redondeadas, con zócalo.\r\n\r\nHerrajes metálicos.\r\n\r\nDisponible en todos los colores.', 3220, 1, 0, 'moduloar-con-puertas-y-estantes-regulables'),
(57, 11, 'Organizador para plasma con bibliotecas y baulera', 'c3a9b226e5ed365af7375364d533f9bc2637315d.jpg', 'Ancho: 200cm \r\nAlto: 240cm \r\nProf.: 40cm \r\n\r\nOrganizador para plasma de 42" con bibliotecas regulables laterales y baulera inferior con puertas corredizas.\r\n\r\nDesarmable en 5 módulos. \r\n\r\nDisponible en todos los colores.', 4200, 1, 0, 'organizador-para-plasma-con-bibliotecas-y-baulera'),
(58, 11, 'Modular Básico baulera y estantes', '3e80a459146caf426e1d00e75b8654ca645ab687.jpg', 'Ancho: 180cm \r\nAlto: 170cm \r\nProf.: 50cm \r\n\r\nModular básico con estantes a la vista y baulera con corredizas.\r\n\r\nHerrajes metálicos. \r\n\r\nDisponible en todos los colores.', 1840, 1, 0, 'modular-basico-baulera-y-estantes'),
(59, 12, 'Vitrino tipo para coleccionista', '83a596c652626ae12113bac3ca2ca5da1428ffe3.jpg', 'Ancho: 220cm \r\nAlto: 130cm \r\nProf.: 20cm\r\n\r\nVitrina para coleccionista con divisiones verticales y todos los espacios regulables, con posibilidad de combinar y variar alturas de alojamientos.\r\n\r\nPuertas corredizas de vidrio de 4mm\r\n\r\nHerrajes metálicos. \r\n\r\nDisponible en todos los colores.', 3100, 1, 0, 'vitrino-tipo-para-coleccionista'),
(60, 12, 'Vitrina para exposición de productos', '7c2a2f8bdf66cc512f2a8785a19b56d127600a95.jpg', '4 módulos c/u de:\r\n\r\nAncho: 125cm \r\nAlto: 125cm \r\nProf.: 30cm\r\n\r\nVitrina para exposición de productos o para libros, hecha en 4 módulos idénticos con corredizas de vidrio de 4mm con cerradura.\r\n\r\nDisponible en todos los colores.\r\n\r\nprecio por cada módulo', 1840, 1, 0, 'vitrina-para-exposicion-de-productos'),
(61, 13, 'Mesa Isla con bajomesada para cocina', 'ca198e7a58a9bf5830c50ce9f907769eca4761bd.jpg', 'Ancho: 200cm\r\nAlto: 80cm\r\nProf: 80cm\r\n\r\nMesa Isla para cocina con bajomesada de ambos lados.\r\nRegrueso en los bordes y laterales doble espesor.\r\n\r\nDisponible en todos los colores.', 2950, 1, 0, 'mesa-isla-con-bajomesada-para-cocina'),
(62, 13, 'Mesa de comedor diseño orgánico', 'f5d79d8131e0cfbd8b09f6565b287465096f6c36.jpg', 'Ancho: 110cm \r\nAlto: 80cm \r\nProf.: 110cm\r\n\r\nMesa para comedor en dos colores, centro geométrico y tablero orgánico con calado central.\r\n\r\nDisponible en todos los colores.', 1670, 1, 0, 'mesa-de-comedor-diseno-organico'),
(63, 14, 'Biblioteca colgante regulables', '42297f9e3099440f8dc38a11c5e3ef6257ff845c.jpg', 'cada módulo mide:\r\n\r\nAncho: 120cm \r\nAlto: 100cm \r\nProf.: 20cm\r\n\r\nBibliotecas colgantes con estantes regulables.\r\n\r\nHerrajes metálicos. \r\n\r\nDisponible en todos los colores.\r\n\r\nPrecio por cada módulo', 600, 1, 0, 'biblioteca-colgante-regulables'),
(64, 14, 'Biblioteca grande para libros', 'f8307ef5c048a7a10f4e3ccb7ba27dfb5dd94e00.jpg', 'Ancho: 180cm \r\nAlto: 230cm \r\nProf.: 30cm\r\n\r\nBiblioteca para libros, estantes regulables laterales dobles con fondo.\r\n\r\nDisponible en todos los colores.', 3100, 1, 0, 'biblioteca-grande-para-libros'),
(65, 14, 'Biblioteca básica regulable', 'c7be17fe98a5ad284ffa976a361d832ec71da3d5.jpg', 'Ancho: 60cm \r\nAlto: 170cm \r\nProf.: 30cm\r\n\r\nBiblioteca base con estantes regulables.\r\n\r\nDisponible en todos los colores.', 750, 1, 0, 'biblioteca-basica-regulable'),
(66, 14, 'Biblioteca para coleccionista', 'fb27ac69a35ab36c51a4aa9b9e0fff62daee198d.jpg', 'Ancho: 220cm \r\nAlto: 130cm \r\nProf.: 20cm \r\nBiblioteca para coleccionista con divisiones verticales y todos los espacios regulables, con posibilidad de combinar y variar alturas de alojamientos. \r\n\r\nDisponible en todos los colores.', 2420, 1, 0, 'biblioteca-para-coleccionista'),
(67, 14, 'Biblioteca para artículos o libros', '222490ac4149a77b8777fcfb91d95874f2b41770.jpg', 'Cada módulo mide:\r\n\r\nAncho: 125cm\r\nAlto: 125cm\r\nProf: 30cm\r\n\r\nBiblioteca estantes regulables en 4 módulos componibles.\r\n\r\nPrecio por cada módulo', 1500, 1, 0, 'biblioteca-para-articulos-o-libros'),
(68, 11, 'Modular con Baulera y Bibliotecas Irregulares', 'f5dd728e3f1a431c9750d67de0f85cba80df983b.jpg', 'Ancho: 2,3 mts\r\nAlto: 2,3 mts\r\nProf: 40 cm\r\n\r\nModular organizador con bauleras con estantes regulables, puertas con sistema push (sin tiradores), en tres colores.\r\n\r\nMódulos biblioteca irregulares con fondo y fondos intermedios en otros colores.\r\n\r\nDesarmable en 6 módulos para trasnporte.', 6200, 1, 0, 'modular-con-baulera-y-bibliotecas-irregulares'),
(69, 6, 'Cama 1 plaza - Diseño minimalista', 'd66116c8d76510077de5e08ba2ad2984876b2ea0.jpg', 'Ancho: 1,2 mts\r\nLargo: 2,3 mts \r\nAlto: 38 cms  \r\n\r\nCama con diseño minimalista en U invertida, con 3 cajones amplios, terminación de ambos lados de la cama (puede ir en el medio de una habitación).\r\n\r\nRegruesos a 36mm en los bordes, estructura reforzada con dobles paredes.  \r\n\r\nDisponible en cualquier combinación de colores.', 2500, 1, 0, 'cama-1-plaza-diseno-minimalista'),
(70, 6, 'Cama 2 Plazas Modulada - Laqueada - mdf 18mm', 'bcc67132bec9ce34c98a3c723304d61ce05cd27e.jpg', 'Ancho: 1,5 mts\r\nLargo: 2 mts\r\nAlto: 35 cms\r\n\r\nCama de 2 plazas con 5 cajones, correderas telescópicas, tiradores metálicos, estructura reforzada y modulada en dos partes para abulonar más elástico fresado en 15mm y respaldar.\r\n\r\nRespaldar con zócalo\r\nTodos los filos redondeados\r\nEstructura reforzada\r\n\r\nSe rediseña a cualquier medida de colchón y en otras cant. de cajones.', 5200, 1, 0, 'cama-2-plazas-modulada-laqueada-mdf-18mm'),
(71, 1, 'Tablero en desnivel con puertas de madera en la alzada', 'adfdee7f6d881803bba42d1b22965a3a6ab9b335.jpg', 'Ancho: 160 cm\r\nAlto: 185 cm\r\nProf: 65 cm\r\n\r\nEscritorio pc con tablero en desnivel, alzada con puertas de madera y cajonera completa.\r\n\r\nCorrederas telescópicas y tiradores metálicos hafele\r\n\r\nDisponible en todos los colores.\r\n\r\n\r\n', 3280, 1, 0, 'tablero-en-desnivel-con-puertas-de-madera-en-la-alzada'),
(72, 8, 'Divisor con placard y baulera 3 colores  2 puertas', '3f902021f61cb7c3923b5942ac8301350d9d52d5.jpg', 'Ancho total: 200cm\r\nAlto total: 190cm\r\nProf. total: 50cm\r\n\r\nDivisor de ambientes. Módulo de placard con barral y dos estantes regulables y uno fijo. Baulera con puertas corredizas y estantes regulables. Bibliotecas con diseño irregular doble frente.\r\n\r\nFabricamos en medidas especiales.\r\n\r\nDisponibles en todos los colores.', 4300, 1, 0, 'divisor-con-placard-y-baulera-3-colores-2-puertas'),
(73, 8, 'Divisor Monoambiente con Gran Placard', '3568dd59f1085c03fe128f3dd144d679893b13d4.jpg', 'Divisor de ambientes. Módulo de placard doble muy amplio con barral y dos estantes regulables en cada división. Baulera pequeña con puertas corredizas y estantes regulables. Bibliotecas con diseño irregular doble frente. ', 4100, 1, 0, 'divisor-monoambiente-con-gran-placard'),
(74, 10, 'Módulo de placard vertical doble con barral y estantes regulables 3 colores', '4e77da797bce3a93442e99ef8beaeb237ded91ee.jpg', 'Ancho: 0cm\r\nAlto: 190cm\r\nProf: 50cm\r\n\r\nMódulo de placard con puertas bisagra, barral oval y estantes regulables. Fondo melamínico, doble frente opcional. ', 1, 1, 0, 'modulo-de-placard-vertical-doble-con-barral-y-estantes-regulables-3-colores'),
(75, 1, 'Doble con Cajonera 2 puestos de trabajo', '1e6e18ef42a0f1b32e5053e2b48bd5861db5930d.jpg', 'Ancho: 215 cm\r\nAlto: 80 cm\r\nProf: 65 cm\r\n\r\nEscritorio doble pc, dos puestos de trabajo, cajonera central, cajones sobre cada porta cpu.\r\nCorrederas telescópicas y tiradores metálicos hafele\r\n\r\nDisponible en todos los colores.', 3050, 1, 0, 'doble-con-cajonera-2-puestos-de-trabajo'),
(76, 1, 'Ele 2 colores Alzada con puerta con cerradura', 'f0477f48a8fd0ddc73be90042f1db465daaf6cd8.jpg', 'Ancho: 150 cm\r\nAlto: 220 cm\r\nProf. tablero: 65 cm\r\nProf. sobre cajonera: 115cm\r\n\r\nEscritorio pc en ele, alzada con puertas, estantes regulables, cajonera completa y bandeja para teclado y mouse.\r\n\r\nCorrederas telescópicas y tiradores metálicos hafele\r\n\r\nDisponible en todos los colores.', 4100, 1, 0, 'ele-2-colores-alzada-con-puerta-con-cerradura'),
(77, 1, 'Trinchero', '43303c1ba3514cec33d35f36b089f0b0176d4057.jpg', 'Medidas:\r\nAncho: 1,45 m\r\nAlto: 1,75 m\r\nProfundo: 0,60 m    \r\n\r\nEscritorio pc 2 colores, alzada con espacio para colocar luces superiores, cajonera completa y pasacables.\r\n', 2900, 1, 0, 'trinchero'),
(78, 13, 'Mesa Isla con bajomesada ideal cocina', 'ff8f92f07ad0f5ebbbecd71338780c9463ebe26a.jpg', 'Ancho: 0cm\r\nAlto: 80cm\r\nProf: 0cm\r\n\r\nMesa Isla para cocina con bajomesada de ambos lados.\r\nRegrueso en los bordes y laterales doble espesor.\r\n\r\nDisponible en todos los colores.', 1, 1, 0, 'mesa-isla-con-bajomesada-ideal-cocina'),
(79, 1, 'Modelo Clara con 5 cajones', '1d0014eb043e5b7c90faa8e5999b1373e7e92377.jpg', 'Ancho: 180 cm\r\nAlto: 180 cm\r\nProf: 65 cm\r\n\r\nEscritorio pc con alzada, 5 cajones y baulera, bajotablero amplio para teclado y mouse.\r\n\r\nCorrederas telescópicas y tiradores metálicos hafele\r\n\r\nDisponible en todos los colores.\r\n', 3650, 1, 0, 'modelo-clara-con-5-cajones'),
(80, 3, 'Módulo chico 60x60x30', '4218a14bae9ac08826168ea329d7c441c02e5e09.jpg', 'Ancho: 60cm\r\nAlto: 60cm\r\nProf: 30cm\r\n\r\nMódulos biblioteca fabricado en 60x60x30cm.\r\n\r\nFabricamos en medidas especiales.\r\n\r\nDisponibles en todos los colores.', 1, 1, 0, 'modulo-chico-60x60x30'),
(81, 3, 'Módulo 70x60x30', 'e701418c14fc1dec5329a02bfc2ba8f84a87c46a.jpg', 'Ancho: 70cm\r\nAlto: 60cm\r\nProf: 30cm\r\n\r\nMódulos biblioteca fabricado en 70x60x30cm.\r\n\r\nFabricamos en medidas especiales.\r\n\r\nDisponibles en todos los colores.', 1, 1, 0, 'modulo-70x60x30'),
(82, 3, 'Módulo de 3 colores', 'b562bde81834f7271ab4c616ac7f3b94bee08757.jpg', 'Ancho: 0cm\r\nAlto: 0cm\r\nProf: 0cm\r\n\r\nMódulos biblioteca. \r\n\r\nFabricamos en medidas especiales.\r\n\r\nDisponibles en todos los colores.', 1, 1, 0, 'modulo-de-3-colores'),
(83, 6, 'Cama 1 Plaza Laqueada - Diseño infantil', '913e64ec3019bf2dbcd4102fa99aee99b94faa4b.jpg', 'Cama con Cabezales con formas, infantiles en 2 colores, laqueado semimate blanco y color en poliuretánico.\r\n\r\nFabricada en base de mdf 18mm MASISA y terminación: laca.\r\n\r\nCon cajones profundos y amplios, correderas telescópicas, sin tiradores.', 3600, 1, 0, 'cama-1-plaza-laqueada-diseno-infantil'),
(84, 10, 'placard con cajonera', 'b1e98e99202cee6b199eedb7f597314b92f2a43e.jpg', '....', 1, 1, 0, 'placard-con-cajonera'),
(85, 10, 'placard divisor', '58642eb83863d248e01f96152582efe1932bd0a2.jpg', '...', 1, 1, 0, 'placard-divisor'),
(86, 7, 'cajonera', '6c33a69674f896378fcc4858b1088154e4884ec8.jpg', '...', 1, 1, 0, 'cajonera'),
(87, 7, 'Amplia Cajonera', 'e112c259a4fa2651a53039e4a06620edf6abd207.jpg', '...', 1, 1, 0, 'amplia-cajonera'),
(88, 7, 'cajonera 2', '8b6518babafaa4e522a597182db86d55585fea04.jpg', '....', 1, 1, 0, 'cajonera-2'),
(89, 8, 'Divisor espacio tv', 'eb8423016e567c5846d6a06b05b90c0991c698fb.jpg', '...', 1, 1, 0, 'divisor-espacio-tv'),
(90, 8, 'Divisor chico', 'd1fcad9f6a4e6b4652192aeb1d1b5ad72a95a308.jpg', '...', 1, 1, 0, 'divisor-chico'),
(91, 1, 'Haya y Azul', 'dbe77d4a816bae2f4553ef49f56d95802232b2e9.jpg', '...', 1, 1, 0, 'haya-y-azul'),
(93, 1, 'plano base haya 4 cajones', '4f60050b43a49aa7e01eaf489d10fc350d165d77.jpg', '...', 1, 1, 0, 'plano-base-haya-4-cajones'),
(94, 1, 'plano base haya 4 cajones alzada con puertas', '04370321115aad9789e0ae0391a157594ec84b7b.jpg', '...', 1, 1, 0, 'plano-base-haya-4-cajones-alzada-con-puertas'),
(95, 1, 'Piano con módulo', 'e53ae01ef864d9b1bc8dec46d5d028c69a83632f.jpg', '...', 1, 1, 0, 'piano-con-modulo'),
(96, 1, 'desnivel doble', '7b44868a79544eb4ad8d3279995f42b6e10df3fb.jpg', '...', 1, 1, 0, 'desnivel-doble'),
(97, 1, 'Escritorio con alzada tipo T', '03b79dc28b47dad12463028902baa1bc6b5f7921.jpg', '...', 1, 1, 0, 'escritorio-con-alzada-tipo-t'),
(98, 1, 'Modelo Clara blanco y rojo', 'eb38c6b3706d66adea1e9a4f70f455a5582a7a85.jpg', '...', 1, 1, 0, 'modelo-clara-blanco-y-rojo'),
(99, 1, 'sin alzada blanco y rojo', '873bc7e723c4a1f352eef6b8ac42e0b575b81716.jpg', '...', 1, 1, 0, 'sin-alzada-blanco-y-rojo'),
(100, 15, 'Baulera con puertas corredizas blanca y negra', '33f0ce582d11637583028675442f94a4e3aefe0f.jpg', '...', 1, 1, 0, 'baulera-con-puertas-corredizas-blanca-y-negra'),
(101, 15, 'Baulera con puertas corredizas blanca y roja', '9efee0fef688e4cd92523fee272d461dcf513014.jpg', '...', 1, 1, 0, 'baulera-con-puertas-corredizas-blanca-y-roja'),
(102, 15, 'Baulera 3 puertas', '20b1ebd847eb158016b8d50d2865f7dfedf8c4ce.jpg', '...', 1, 1, 0, 'baulera-3-puertas'),
(103, 15, 'Baulera ideal para poner almohadones arriba', 'ea36b8a1e4a700c9ed6a9db6a3060185092f7bed.jpg', '...', 1, 1, 0, 'baulera-ideal-para-poner-almohadones-arriba'),
(104, 1, 'Módelo Clara 5 cajones y 1 puerta', '40073c4c3d9b82ba4b606976da5eab1dea069980.jpg', '...', 1, 1, 0, 'modelo-clara-5-cajones-y-1-puerta'),
(105, 1, 'Escritorio 1m de ancho', '5f7fea4f29ceed28c52e58fe79aad6612836a60a.jpg', '...', 1, 1, 0, 'escritorio-1m-de-ancho'),
(106, 1, 'Escritorio blanco, negro y rojo con baulera', '9c6b8ac0911b3f416cf2c4c8d88d06c77ffd5b60.jpg', '....', 1, 1, 0, 'escritorio-blanco-negro-y-rojo-con-baulera'),
(107, 1, 'Modelo Clara 4 cajones', '1ca13fb9944972f04eae1ea5f2b12ea5c9117f91.jpg', '...', 1, 1, 0, 'modelo-clara-4-cajones'),
(108, 1, 'Escritorio esquinero', '1e7aef6add23b6f34ba78c6d15c2b06f07652871.jpg', '...', 1, 1, 0, 'escritorio-esquinero');

-- --------------------------------------------------------

--
-- Estructura de tabla para la tabla `model_image`
--

CREATE TABLE IF NOT EXISTS `model_image` (
  `id` bigint(20) NOT NULL AUTO_INCREMENT,
  `model_id` bigint(20) NOT NULL,
  `filename` varchar(255) DEFAULT NULL,
  PRIMARY KEY (`id`),
  KEY `model_id_idx` (`model_id`)
) ENGINE=InnoDB  DEFAULT CHARSET=latin1 AUTO_INCREMENT=1606 ;

--
-- Volcar la base de datos para la tabla `model_image`
--

INSERT INTO `model_image` (`id`, `model_id`, `filename`) VALUES
(4, 1, '37b30c6fcb7d9aaf9b17186653b7e58fa691db6b.jpg'),
(5, 1, 'Revatible06.jpg'),
(6, 1, 'Revatible07.jpg'),
(7, 1, 'Revatible08.jpg'),
(8, 1, 'Revatible09.jpg'),
(10, 1, 'Revatible11.jpg'),
(14, 1, 'Revatible15.jpg'),
(15, 1, 'Revatible16.jpg'),
(16, 1, 'Revatible17.jpg'),
(17, 1, 'Revatible18.jpg'),
(18, 1, 'Revatible19.jpg'),
(19, 1, 'Revatible20.jpg'),
(21, 1, 'Revatible22.jpg'),
(22, 1, 'Revatible23.jpg'),
(23, 1, 'Revatible24.jpg'),
(24, 1, 'Revatible25.jpg'),
(26, 1, 'Revatible27.jpg'),
(28, 2, 'dc5a4cd126670d68e6c613463c9f061be966ceb2.jpg'),
(29, 2, '0e965c7d1e0d3e7598977b1303b0d0289f444c32.jpg'),
(30, 2, 'fa082ab6a7d3a95a2e65573547ef13bc33a9b548.jpg'),
(31, 2, 'PlanoBase05.jpg'),
(32, 2, 'PlanoBase06.jpg'),
(34, 2, 'PlanoBase08.jpg'),
(35, 2, 'PlanoBase09.jpg'),
(36, 2, 'PlanoBase10.jpg'),
(37, 2, 'PlanoBase11.jpg'),
(38, 2, 'PlanoBase12.jpg'),
(39, 2, 'PlanoBase13.jpg'),
(40, 2, 'PlanoBase14.jpg'),
(41, 2, 'PlanoBase15.jpg'),
(42, 2, 'PlanoBase16.jpg'),
(54, 4, 'DesnVidrio01.jpg'),
(55, 4, 'DesnVidrio02.jpg'),
(56, 4, 'DesnVidrio03.jpg'),
(57, 4, 'DesnVidrio04.jpg'),
(58, 4, 'DesnVidrio05.jpg'),
(59, 4, 'DesnVidrio06.jpg'),
(60, 4, 'DesnVidrio07.jpg'),
(61, 4, 'DesnVidrio08.jpg'),
(62, 4, 'DesnVidrio09.jpg'),
(63, 4, 'DesnVidrio10.jpg'),
(64, 4, 'DesnVidrio11.jpg'),
(65, 4, 'DesnVidrio12.jpg'),
(66, 4, 'DesnVidrio13.jpg'),
(67, 4, 'DesnVidrio14.jpg'),
(68, 4, 'DesnVidrio15.jpg'),
(69, 4, 'DesnVidrio16.jpg'),
(70, 4, 'DesnVidrio17.jpg'),
(87, 6, 'Bibliotecas01.jpg'),
(88, 6, 'Bibliotecas02.jpg'),
(89, 6, 'Bibliotecas03.jpg'),
(90, 6, 'Bibliotecas04.jpg'),
(91, 6, 'Bibliotecas05.jpg'),
(92, 6, 'Bibliotecas06.jpg'),
(93, 6, 'Bibliotecas07.jpg'),
(94, 6, 'Bibliotecas08.jpg'),
(95, 6, 'Bibliotecas09.jpg'),
(96, 6, 'Bibliotecas10.jpg'),
(97, 6, 'Bibliotecas11.jpg'),
(98, 6, 'Bibliotecas12.jpg'),
(99, 6, 'Bibliotecas13.jpg'),
(100, 6, 'Bibliotecas14.jpg'),
(101, 6, 'Bibliotecas15.jpg'),
(102, 6, 'Bibliotecas16.jpg'),
(103, 6, 'Bibliotecas17.jpg'),
(104, 7, '0407fbd7f306c643e931a52e52797ad8106fda88.jpg'),
(105, 7, '6f3d7870daf08968ddab84f0666acd6c02c3144d.jpg'),
(106, 7, '5b99efcc3cefcd13f34c6cae2ea088e27a2b6546.jpg'),
(107, 7, '78a59ea850c8a8d4b6aa74a1ebef4d879a20155c.jpg'),
(108, 7, 'e7886273f1b1226e5817b705772c1e57047cfaec.jpg'),
(109, 7, '320be3ec1625a58820ba29e7bf7b6d27d9c00fac.jpg'),
(110, 7, '6e1ca170859acf24984ed3fc26147490fd4a5547.jpg'),
(111, 7, '9dba8aca3398cd6aa6b61706e0cfb780f3e52972.jpg'),
(112, 7, 'da399032156a32cd76f260766a51f94f209e2652.jpg'),
(113, 7, '280286c08612b18f4e9f44eaa17a5c5976d531d1.jpg'),
(114, 7, '1f096ad77d824edc5b272aabcbcbc435d169c539.jpg'),
(115, 7, 'aa878af6182997f80f4ed78f94c538bdb9d6e349.jpg'),
(116, 7, '14e51e0fd8f72828d7c0cc5595796319b2b8d428.jpg'),
(117, 8, 'a3b582f1b1d6a1c8dac8fede760b99b37af6bdc7.jpg'),
(118, 8, 'e92a95f94790d36dc34419e33274106ba6609cdb.jpg'),
(119, 8, '3bff247a9ea36d80181128e03aa5020538e9c3fb.jpg'),
(120, 8, 'f041b213ade94af2a8a1284dc6e88ddd6f65654d.jpg'),
(121, 8, 'ff8e393084ad8759a6cb15b26c32aed3e3f80518.jpg'),
(122, 8, 'f6fe036fea4afd61b8c3ea3ef14da47245a0a8b1.jpg'),
(123, 8, 'e2e879948c8bb8030416327b7e8931f4458f4121.jpg'),
(124, 8, '511ae193f63f5e1826e21f90aa9826863755476e.jpg'),
(125, 8, '5f26caa2828c35f6cecf2c9545bc9f2370f2533d.jpg'),
(126, 8, '4e341e9fc27bfa3453b5abdc5f5149f958b22330.jpg'),
(127, 8, '3e5a42e0d777ab27fd7378b2593de4643427be78.jpg'),
(128, 8, NULL),
(129, 8, '9ddd5e8e683b4615dcaefc15c7c2d66aa463317b.jpg'),
(130, 8, '3a00dda7da53b81bdcdcab78ccfe43e92ff60de4.jpg'),
(131, 8, 'c1e785ee1f2bb11c342769d1ec5b52c056fe741f.jpg'),
(132, 8, '5ddd6995c2925ebb0393d3d89b010ad531da58f7.jpg'),
(133, 8, '1a38e16193078a0717f29874b7e413608555aeb1.jpg'),
(134, 8, 'ae29a8e231cc8fad237d803fc5b6d8a8c696872c.jpg'),
(135, 8, '44d8ba883cce4838d31d4df56851956f31532bc2.jpg'),
(136, 8, 'fe249c9caf5c3b01e73b3a080e0f4ab31b55fc6c.jpg'),
(137, 8, '03c5f879ba76745b497a573afbab9a51e62f5321.jpg'),
(138, 8, '02d9ceed95e79f6613f0c2a5ee02a556e54db326.jpg'),
(139, 8, '086be0ac477c78b71b22c774bc632b898eca78e0.jpg'),
(140, 8, 'cc63850099b7ff09f8d595d3fd77b9d10afdde20.jpg'),
(141, 8, '8d98bcbec1b712672cc5bf805a60f9c7f8928299.jpg'),
(142, 9, '9a10044861e7bc19082ddcebe2e8131973c0fd64.jpg'),
(143, 9, '008553b33f8d5a4e38666240386aaeb9cde7675a.jpg'),
(144, 9, '89cee39c360b52de78830f366ef9582d56b9f210.jpg'),
(145, 9, '66c6226848f6a9a3ae5f09a2c155c72ad701099e.jpg'),
(146, 9, '1c46313204f27e7937525f61ec0c394280322fca.jpg'),
(147, 9, 'ab367eabaf2a0959745d3ed41a37107bac799631.jpg'),
(148, 9, '91cd016af1ad7cbe6ad7a27a450f7803ead1b4c9.jpg'),
(149, 9, '5cf65080e1a054e821f23971002b639fc897b1d9.jpg'),
(151, 9, 'dac10f52d520a59514c5412c9d8353150e0f3d17.jpg'),
(152, 9, 'c109ee72fb257b330789f10ec22c2c929561ded5.jpg'),
(153, 9, 'ba130e1f22848371219f025ecd9b6153dff9d60b.jpg'),
(154, 9, '3112a51ef6de0d1e56adae8b44f801ffbeec327b.jpg'),
(155, 10, 'fa17d1e8025ef1fb5fa14892661802bce1ca8dfa.jpg'),
(156, 10, '1996033ca59f4c76743187eda81182a0ed2cc178.jpg'),
(157, 10, 'd80e5170f29225b64a6ab4b4875d04df08d1eb45.jpg'),
(158, 10, 'e33b5f2bbe2c1fa31b496bb685fe8ac8eb1a3f8b.jpg'),
(159, 10, '410461b4176d4406410d6d49c5ed25c2bd4dad2a.jpg'),
(160, 10, 'bf64b05b5cb6ef216c4bf7d76bd057f47e1c4a37.jpg'),
(161, 10, '75f740a88a1df90c577a78fe68f470cc9e13f341.jpg'),
(162, 10, 'f3550170187e8ea09a85dad5f60627dc861f3d23.jpg'),
(163, 10, '536ad83979d54867bfda358a5fc798b4000cbbf2.jpg'),
(164, 10, 'a6fb7eead0dd1c4882fcbe399847769ae64a6b2d.jpg'),
(165, 10, 'a208e685ca0a8894ffe854cb14091af5af314800.jpg'),
(166, 11, '3996c730e3a25b37317523633568ea0480954837.jpg'),
(167, 11, '176e441aff7d922e5c2d98c0df4727a923ef77ca.jpg'),
(168, 11, 'db2c8d888270175cd7213c89c494aece0a7e0a4b.jpg'),
(169, 11, '914ee47fff95e0a12e72f74797e5544dc6fbf6d6.jpg'),
(170, 11, '14eb5f7a1f88aa1d0820fd8da8bb5efb5447a792.jpg'),
(171, 11, '568debc02a85838265b34f95a549659017b8f420.jpg'),
(172, 11, 'fb6203fed82e72cfc75292042d44674bc970342a.jpg'),
(173, 11, 'be8d847ec6477afbb2f1813fe237a69f91f25bd3.jpg'),
(175, 11, '3a9639bdd7e6a777cdb91204356e146aca1f205d.jpg'),
(176, 11, '59543352f9bd590026a256d88a1361194cbacc9c.jpg'),
(177, 11, '150941ffed133764d527575728363ea0992084c8.jpg'),
(178, 11, 'fc594b53df661f0f1634674bc01a336184a79e2e.jpg'),
(179, 11, '27c45be7730b174302c07d2df0f610bbe54289b5.jpg'),
(180, 11, '79cb91145fcce09ec1338aecd107da039ff3f1e4.jpg'),
(181, 12, '69ffc32246167a13c81f276b3d6d6328b1f4bfb9.jpg'),
(182, 12, 'ea86de433c0f8eed2d20a92a889903928be17e69.jpg'),
(183, 12, 'a70991324f9f58d2ecf42175f27c4c4444fe8aae.jpg'),
(184, 12, NULL),
(185, 12, '5747f375895c3c9e4f4f816329e64bad90a62b84.jpg'),
(186, 12, '46e787d39a526654a43819d6d2c26a4a13e678ee.jpg'),
(187, 12, 'ed42944d94bd1bb37980334fe6db3257d71fa58a.jpg'),
(188, 12, 'e39f558d6bc7a13f87ec75707c0bc37f89a7055d.jpg'),
(189, 12, 'fffe4eacfc399d4ebc29ce9f5ffaf8ba8ef90d8f.jpg'),
(190, 12, NULL),
(191, 12, 'f54350d8432ffd4c9e898b1ca9e29665b074202a.jpg'),
(192, 12, '25247f9e522e06969abdbb25e8fcfb8ffaf830a3.jpg'),
(193, 12, '92f1074cf86c31df66843372cfc1b83de9d2e28e.jpg'),
(194, 13, '55531c708419e3fdd191f2beef30ede865c36faa.jpg'),
(195, 13, '6a12bf5e90c3522584ad9954ee64a38f80d09d49.jpg'),
(196, 13, 'c536ee5fe6112ac32ce978523d2f84b4f17f04ea.jpg'),
(197, 13, '3b4f75537a3edf0379f01ad3a8bc88986748f950.jpg'),
(198, 13, '8c0848898b61b44860f21938219335fd6be86a8e.jpg'),
(199, 13, '93ac2b769be2a80469811b2fead398c78ad8c433.jpg'),
(200, 13, 'a597b7e30293ee568699703f405195b7da10de9b.jpg'),
(201, 13, 'a0e8b2466c677de18a4457b9a9d4119b8a98670e.jpg'),
(202, 13, '1edb83518cd617d90e7041fefef8c0d3cfec2b73.jpg'),
(203, 13, '85950f47efa218c567d61f048b207c4ed4dd7446.jpg'),
(204, 14, '38f1e22d801864d4801885d276fda03948a55a9e.jpg'),
(205, 14, 'd0566b31c90fbd5643c44953026cb84760ba3542.jpg'),
(206, 14, '889223f75bd4a1906b029a72f40ef893a0c2d983.jpg'),
(207, 14, '939f0137efc1717ea11b51c5e3d1dc77440d02fc.jpg'),
(208, 14, '59d4225677a81a4d36d39517dca0be37c609d988.jpg'),
(209, 14, '270df45f043900b78a9b0cfda34faba08dc90a89.jpg'),
(210, 14, '74e6b9f36c522e4537e91b0adc8762f0a913d288.jpg'),
(211, 14, 'c41b2d574794ff4547e82235d32a1de61f98d52f.jpg'),
(212, 14, 'f96f162e197c794c2903cce99e0fe4b43b00c939.jpg'),
(213, 14, 'e58246abc6ed758897f54c0cb5d1e2752a92497d.jpg'),
(214, 14, 'd242db417ece5596b255f7a65df0288ec7bb1e36.jpg'),
(215, 14, '9012aa10054fdc19e5e8fd100ddff5ee36377963.jpg'),
(216, 14, '3dffd932bbbb10fa58e4eadd14265e1567a241cf.jpg'),
(217, 15, 'c1b7da406906683f2c2f4b6ebdb271a0e04468f8.jpg'),
(218, 15, '4ee45fb8ffd43cde262d428e8df7a083ec53e096.jpg'),
(219, 15, 'a82e0a21094f5b0bdfdfd4d6032bdb012d24f7d7.jpg'),
(220, 15, '1b1d05c15d9a172d8de06d08ecb67f889b78cb38.jpg'),
(221, 15, 'fd621be03e080e18d85ed9fe803a03135bc0de20.jpg'),
(222, 15, '066cd1e59b4761b538874c2422d581382eb7873c.jpg'),
(223, 15, '82eb133f189cc50e7c4128142d21afedecbf4672.jpg'),
(224, 15, 'e6cab0b515b52ebe033b5959ded82b6ab13610a4.jpg'),
(225, 15, '32a66eca8d2b8862dd79f883e83a27b05b69ab44.jpg'),
(226, 15, 'ef9e7502313a0fea3ac78a40b72fb0d43ab93859.jpg'),
(227, 16, 'ca6a3ce402eb8833ef0ab84579645c393fca10ab.jpg'),
(228, 16, '76569a725d1a75cbb15bab20c63e98b2262b1f9d.jpg'),
(229, 16, 'ecf209a9bf83f3d45b735ed4b5a7835daa653574.jpg'),
(230, 16, '745a01d5847157f106271395a4a32c64de6a1df3.jpg'),
(231, 16, '3a669a8c657d91a58dc4d3cf7c6b22ec0d4287ed.jpg'),
(232, 16, 'fd2b732651cbedd200c4e620da39a1f185eab0b2.jpg'),
(233, 16, 'fd1329b55a1b1396d0f7c5d09e3d3155504b42cb.jpg'),
(234, 16, '985b5e86bf78e49dbe594373ce3a6d8859ea9ce7.jpg'),
(235, 16, '6f0a0dcbf3d327b0ae870fdaf3979869484af532.jpg'),
(236, 16, 'a6e52a34c2e0d2e498731e04ada55c8743f2f0de.jpg'),
(237, 16, '99bc6ae77c39252ed8b3f11b678dd27d4f87b5b3.jpg'),
(238, 17, '5474942a9d3de6ce4ac694667c8e7282e0887c3d.jpg'),
(239, 17, '9f010fcf0395d218d2f0a8c22674b7971e1f57d7.jpg'),
(240, 17, 'f229abba70ef571421310febfba134841f483a0f.jpg'),
(241, 17, '74d3d3e84d30698d01d2a05130cb62e4e37f8e76.jpg'),
(242, 17, '659a307220ea517d664771bc68596b4132ca6967.jpg'),
(243, 17, '4c3c14c368b7f6ba59d1d929f89105da06610ead.jpg'),
(244, 17, '1ded9fd6e9577491fe39e8290c25696e7688ba7a.jpg'),
(245, 17, '4ff7db1b539ca20b08daecee5dd31058af43c7e4.jpg'),
(246, 17, 'b9cfa93000396809f0ba6d9595fdc5fba0f16d16.jpg'),
(247, 17, '9174f9934d6ff4a0c46b56042ce8788a7ed9cf3d.jpg'),
(248, 17, '60c2bb654e6a4cc06948d8067dbe4428ad11f544.jpg'),
(249, 17, '389e5e9a53294d0f569157c8af75b69d040635b8.jpg'),
(250, 17, NULL),
(251, 17, 'ce80ef1376520735c9dacdf290792eefe0ab533c.jpg'),
(252, 17, '8be33806573a21203d7ebdcacf1811d04bd76fe1.jpg'),
(253, 17, '16d51dfdd518662523dc8f76b64d29581403dc3f.jpg'),
(254, 17, '39749912a479f9a062adcdb0a73850dfd45c930d.jpg'),
(255, 17, '3d83cfced79a7bb2fb5c2d56c5f99b27ee036e12.jpg'),
(256, 18, '315ae5eda47abd8c2b0511c30636b7af47c477c0.jpg'),
(257, 18, 'a94de3d0d94e85940fa05f75a26a072323ed382b.jpg'),
(258, 18, '61950f68a9b30e872a06a72bcf34a314013a5dfe.jpg'),
(259, 18, 'bd7f16208ab5093bde3e77412b77077ed480e7ea.jpg'),
(260, 18, 'a21c7461ede9bda79a008de848324e1cbcc628df.jpg'),
(261, 18, 'e0670f347cfdbf95e67c2e34a7c20854c8facc83.jpg'),
(262, 18, '730865ac51ec2a69068274390f291ba2d6355383.jpg'),
(263, 18, '1050b979e38aa8a0f084838be78943cc0a82dc8f.jpg'),
(264, 18, 'b2157b38c6f4207fec4b594303a9ccb5c34548ee.jpg'),
(265, 18, 'e65de3c5e3c6ae92cbff6f697fd1371815e2228e.jpg'),
(266, 18, 'dc6664f54b95b0ec5a16a5a8c4e6872871ccd054.jpg'),
(267, 18, '0c8017625b0a2d935438f1b4e99846db46a44aa4.jpg'),
(268, 18, 'd4b2bd62a9a78175a5597785d1a1ae9df3b55ac1.jpg'),
(269, 18, '7def403c344b1c0b300cdbd002ffbf55925e7047.jpg'),
(270, 18, 'b865aaceb6260756f95d617fea3018928b2cf5f5.jpg'),
(271, 18, 'c02a2fe86ec9916f0defdf7a2e9996fa741d379e.jpg'),
(272, 18, '028f12728afb5945b1b77fce0fca1d543d783640.jpg'),
(273, 19, '088e33e5f2e2a3162e0d16ae38d3840f2b6b74ab.jpg'),
(274, 19, '14469067096143a119bd41e29c6cde4766eeeae6.jpg'),
(275, 19, 'b75b58f190069f7072e707876fd20e80698d2af7.jpg'),
(276, 19, 'cf84ca8de96c92cc922117c28a2e293e69ec1bee.jpg'),
(277, 19, 'd499e16b2ef07bbdb2519c694fbd0d9f5d18e6d2.jpg'),
(278, 19, NULL),
(279, 19, NULL),
(280, 19, 'ab14af921714b05861236d5b6470f65a49298549.jpg'),
(281, 19, 'a807f73fd2a977c74d2e5f1346bef500724024e8.jpg'),
(282, 19, 'e530406e903574dcb12e4a3fe077d035a1c3ab2d.jpg'),
(283, 19, 'fed5b1e1b373cf0e22ce76d3d5c3fad6b6a0035b.jpg'),
(284, 19, '20707cb0e96ac5cd0e481e67a88ac48ca66365fd.jpg'),
(285, 19, '6653f44be6f5ac7ac4b8e8b2faadfe04310caa98.jpg'),
(286, 19, '99381be7067cb5a76bd0ebf268f9be3ae4807efb.jpg'),
(287, 19, '67bedbf18905804fb937c3b87f56d069cdd6ce03.jpg'),
(288, 19, '5ea3fadcc33e1ce3c36e1b125c61a2d48373ab5c.jpg'),
(289, 19, '98fa1799f2588ec580af633bd3a1c779e5b7e351.jpg'),
(290, 19, '317fca02e978717efbed57085d5ee737e443cb33.jpg'),
(291, 20, '3b36f329623e23275ae6dc3c0b5e7cd65e30d7ac.jpg'),
(292, 20, '6a9f00fe7fd2ae2cbcf3397e5b3510b1ce3836b3.jpg'),
(293, 20, '9c377677858c3d6c5629acdd2a12dd48958d218d.jpg'),
(294, 20, 'ceb61360bc73c49a524aa8df7ebe1a89c5ce891c.jpg'),
(295, 20, '5a149aff8e994f66c9f152ff546d52184a785229.jpg'),
(296, 20, 'b55dd69091fa06cf45674f8db7124a5fc78d99a9.jpg'),
(297, 20, 'bf638f758bcc699096d5418b2266009c03b06ede.jpg'),
(298, 20, 'f319ecc009fc233780456961827a892e6adee67f.jpg'),
(299, 20, '6bdb643cb4c219513952ea3e0cd24587134ff047.jpg'),
(300, 20, '2b880d8f40d533df013a2fe7a0756da527d77d12.jpg'),
(301, 20, '30335d834344119ab817bf9a53ba3502deed28a9.jpg'),
(302, 20, 'beeb863642c5702184b8202d48474488a4d6d253.jpg'),
(303, 20, 'f67434b3941b831debe680cd2fa90b964ce5cfab.jpg'),
(304, 20, 'd329469de153f65402eac71f6f209d67345f2a48.jpg'),
(305, 21, 'dc4c4cff6bc21163359e6757be1b9aacf93351a4.jpg'),
(306, 21, '6e96639ae9e1cd2ac7b9ccc1133278971ae557ff.jpg'),
(307, 21, 'defd8a3a88d3e157311e06cb0fcbb58d8f590353.jpg'),
(308, 21, '20b489d61c10d02ef35b68463afc75133ebc560f.jpg'),
(309, 21, 'dd734af4cf7dfdea9c90fe3aefdb45c8523cb3f6.jpg'),
(310, 21, 'c459ed5d67728e0adec02376a4b49947d5daf391.jpg'),
(311, 21, '634900292c38798c03432c03478fc7fe03ff71f2.jpg'),
(312, 21, '68614676da260e2a21708b2382ee9a3cc284dc37.jpg'),
(313, 21, 'c45ea3485a8fcbd83b095f5c0558f229d9f04e39.jpg'),
(314, 21, '3da892a1963fb60e4315be57ee24090994e8172f.jpg'),
(315, 21, '9614d16c2bef408a8d2454c6e22948ec295a63f9.jpg'),
(316, 21, 'f7336b521ed79443c4031de24b05f90e33311661.jpg'),
(317, 21, '86ed83c825cb66cb2016c1a459191155ac26c46c.jpg'),
(318, 21, '85eca11f7b02d1b987d7e4fc9b3b345b4c13a67b.jpg'),
(319, 21, 'cdfddbbb03e2cfc69cb18bc3b0673f0c4f5d21d6.jpg'),
(320, 21, '6d553a7b8fd392588ce12cd7dfe82219bf6f32ce.jpg'),
(321, 22, '48a0836b9dbb131bcc106d88dedb759df09c3144.jpg'),
(322, 22, 'bab3ce09586abff5388d3526ed4e119aeaf531eb.jpg'),
(323, 22, 'abf1aa0b4ef812e3340a589510408a0c97175bcc.jpg'),
(324, 22, '1eac7e703a051fb9196491afed2654496a580d8c.jpg'),
(325, 22, 'c0ce35583c1edea6ebde40426920ddadd648a228.jpg'),
(326, 22, '3d78d3067401550ec1c5fc67a8d770590bafea0e.jpg'),
(327, 22, '48c669f7dec3386d7b156a9a5d7a0910d09024fa.jpg'),
(328, 22, 'cd2fffe47f2f44091ff107979234857e90d02fe8.jpg'),
(329, 22, 'feab68451e8b3179e8aa44c82e8ff01fb92b93ba.jpg'),
(330, 22, '23c268de6cc9a7d94e2cca19dba65d0adba0ed56.jpg'),
(331, 22, '5ed78bb41083120897a7cb4bb0628fafb4a19a80.jpg'),
(332, 22, '681a69190ae0de1ae06d0704ff3372f0dab50fe8.jpg'),
(333, 22, '6dc9cc95533d2f0bbfed809847c70c4806485052.jpg'),
(334, 22, 'f5b6657c69dd2dccc22d6cbe9c50f209e74a0a6d.jpg'),
(335, 22, 'c89db14addbda7517844717bc0e107968940e506.jpg'),
(336, 22, '32454bb89168b01a618753d847fbd933215897c6.jpg'),
(337, 23, '0174607c1d6f7b0a979c784c19ed6217392ca797.jpg'),
(338, 23, 'ab7792783f06e6084133e6c354f0ba6d4a5495f2.jpg'),
(339, 23, '4d31698e03161df96b7e8d5f53cde77154a59425.jpg'),
(340, 23, '4047fb39563233ce7962bb30cf7b75f3fbf70056.jpg'),
(341, 23, '4a279bba8d78a942c201a767e7cba1089dd7f162.jpg'),
(342, 23, 'd998fc15c976d4b5bde77dc04374fe56e8475410.jpg'),
(343, 23, 'b980c3bf1461bf6c0e3c77a8ed08d56cdbdbc2a1.jpg'),
(344, 23, '61da55104b32dcf9dec9efff27cdd5428c78e7af.jpg'),
(345, 23, '7b7439a958ec70aac1036bf349c63999e58dd9a0.jpg'),
(346, 23, NULL),
(347, 23, 'cb1ad14125b9c777ec1dcc7e27a8869030d9bce6.jpg'),
(348, 23, '2b0c32c6e42c875e5dc2ab492462abb694066129.jpg'),
(349, 23, 'fdc5d3d8163f134a26a5af093f2c963cb61f3b73.jpg'),
(350, 23, '3f8ca85a34171ce82e3ddc9b4ffc0654c67fdf0e.jpg'),
(351, 23, '1c28de9ef90f7b4bc7aa05cdbebddf80be1d373c.jpg'),
(352, 23, '17018aa2398c87160a768ec3fabe66d1d4f2fcba.jpg'),
(353, 23, 'f4fc8f5850ecedbe235db4aecf48e65ff44389f5.jpg'),
(354, 24, 'c47c126f8fc2bbc5c45aa4a25d96e5fa866d5481.jpg'),
(355, 24, 'c5eff4ebf36487389b783935c745c077d303ffde.jpg'),
(356, 24, '6133056cf9dfa8feda8eb3d56f3ea78a471d09ca.jpg'),
(357, 24, '8d748adf6f3d4672854825de14b0eb68953183dc.jpg'),
(358, 24, '5f5cd3bf2c2540a087ae3f2ca5b647fe829485f3.jpg'),
(359, 24, '3dc7a1ae3af19673424b0dfc477b389f5af33a9e.jpg'),
(360, 24, '3e44f72e7e130f3443a473719aa56ca23b301c1e.jpg'),
(361, 24, '2b8eaa203182959c62ab33a5be173f6553905839.jpg'),
(362, 25, '2233b992a9ec203da521b64a34188d83b75cdf4c.jpg'),
(363, 25, '4dc8a754a44d53517bc09a1f0d7ea73309dad727.jpg'),
(364, 25, '62a65586e7715994d28c95c94e6a745319417899.jpg'),
(365, 25, '98db457a85d9b4f356350d3406bead32b660a675.jpg'),
(366, 25, 'd00d950d0c292d10f37257d4fed5c588f481d973.jpg'),
(367, 26, '20839c6602ce791c7c4d72b446e18d0f24157df4.jpg'),
(368, 26, '851262a065854463a6320f48db3233ca7c08d1c8.jpg'),
(369, 26, '80ae026b46a939e3a9a5c686c12fde202e36b91e.jpg'),
(370, 26, '79cd597531f49c28a750c0df55b275d8233adbbd.jpg'),
(371, 26, 'd230712cb2598640913d84cf699c90ef0225168c.jpg'),
(372, 26, '8db058473f10e89ff1fb5e952300589e906e2f99.jpg'),
(373, 26, '383086fc564ceacef7806d72047acf9dea796bc2.jpg'),
(374, 26, '01940d981a8a77c30488d8f971f5cc60ca5077be.jpg'),
(375, 26, '545dfe36bf1e806152a68e5aa22a3b3a89c8460d.jpg'),
(376, 26, 'ed11dbc2ba0f860500996f56781e330dfad1cf36.jpg'),
(377, 26, '4fe7227505b764cf3e799a8c908597f903d2db2a.jpg'),
(378, 26, '93393844de9db465b872f02583d228ee95f4cc9c.jpg'),
(379, 26, '179aa402e5cdf5c4fd0aaea57e622d7935eb6fd1.jpg'),
(380, 26, '56ba9e91216c337cf56c5eeb27ab3eec78f0b167.jpg'),
(381, 26, 'aebfebf6995e2889c6c3aa6b82d508bddd3293b5.jpg'),
(382, 26, '0b53eb89b466fbd78d70e78cd0ced2ef7e15bffe.jpg'),
(383, 26, '6eeebcaa7ceac7a93fc7de6b0816b51479668968.jpg'),
(384, 27, 'f977a4c275b22c6aef6cf92f9e76f3f40233bf94.jpg'),
(385, 27, 'f0358a0ccc0408277ed23905c2f9fbe1eabb8c2c.jpg'),
(386, 27, 'd488855b12c41daacdb21b1c78321c33187fa9ec.jpg'),
(387, 27, '5365893e8adae7dd31be3ffb3129e271fead2927.jpg'),
(388, 27, 'e319728dac649e1210e57582c326afb250bd2448.jpg'),
(389, 27, '4f667fb634bb3706d5e2995bf20350f899bb39da.jpg'),
(390, 27, '074eba6a556b9f48740e7fee6485570755bae212.jpg'),
(391, 27, '62343bd014e71b31b26bdb314b80261666ad6d97.jpg'),
(392, 27, 'eb33081c54f6f53a2647b565ba865619db2c9b7d.jpg'),
(393, 27, '9edf40703365484e602540e0d26d96b88fdba0f4.jpg'),
(394, 27, '46aa020104ba37a2cc730225e53a5240a3766335.jpg'),
(395, 28, 'ff2f38ea8fdf69138d9be73b8b8dd107fa33ff57.jpg'),
(396, 28, '6313a76649787ec9ee15f191f8bae982df143e10.jpg'),
(397, 28, 'a4519f78eb4a32c339417fadd50eb41fd3355845.jpg'),
(398, 28, 'ec0d79b1280ed2e59553386ffaf87491fa635066.jpg'),
(399, 28, '33202afeab2b9a7b919647d1cbcf4d0b37f33a70.jpg'),
(400, 28, 'b86a3631662d7f8e7efbe56b2b2ef905d6298ae8.jpg'),
(401, 28, 'ac9ca1e0e077467bc4e4f5c52b2c5fca62a84089.jpg'),
(402, 28, '290253840a001c370ffd1421f5fe98b954d1daf6.jpg'),
(403, 28, 'e839561fb7d4e930ab90b9d33511c5fae345947c.jpg'),
(404, 28, '66709e17abee9f8f2dab50dcb91af5ca6393cf9f.jpg'),
(405, 28, '85b96336de493ea52fe6e84614adf552b0be8481.jpg'),
(406, 28, '770a0516dd0d224b1d93c5ae0c7b44ab065b1c8f.jpg'),
(407, 28, '1cb2a656c3c4cbd7cd7d8d70fa1712e1e72ded2a.jpg'),
(408, 28, '9ab791ea12742d3c78da62d626da597e3212c5a9.jpg'),
(409, 28, 'e7cce71df89c3cf4186a3ed78fc8a6bb5c419830.jpg'),
(410, 28, '1e3e62012c8730b4b006778129e4c189d574b138.jpg'),
(411, 28, 'ba94c42f589397ee7ba24f3b43bb59e2e0575ce8.jpg'),
(412, 28, 'c24d30e596406231038acbb98d67bee33dfa3562.jpg'),
(413, 29, '33953fdb2e936cdf9d55e52957ff1813d7d81d69.jpg'),
(414, 29, '193db2f4bf2e29d80894ae9eaba7987d45dff090.jpg'),
(415, 29, '3601bbb7bcf29eb12602f938acac10b98ed1b86a.jpg'),
(416, 29, 'a5448a424726dea5ad5a86807c5aad3c141e5223.jpg'),
(417, 29, 'ac2c1d06183fa22069d84b210272e9c27f5deb36.jpg'),
(418, 29, '86da77afcf7863b93e5cb274eec373162cd11e1d.jpg'),
(419, 29, '77414b10ccf83a6988be0390e8b4b05f4f4e7ff7.jpg'),
(420, 29, '64f9da37f3fab9b9bfb4733e4b17b6678a0eb27c.jpg'),
(421, 29, '28ca91b6cbd7086501b256d0554ed739b20d9ce2.jpg'),
(422, 29, 'feb143317a547531ff2d6ea20351cbad67406f3e.jpg'),
(423, 29, 'b02c2e92238ab7254955abf0ea425837dae3ecbe.jpg'),
(424, 29, 'ff3605325a1aa9b4747245c750669b3a4797181b.jpg'),
(425, 30, '71134054bbbf38894bf268ba516f748ab9d9e0b3.jpg'),
(426, 30, 'bf4b00eb3b52e96e3779609e7fce609fbde68267.jpg'),
(427, 30, '13ac0cc4d923f9b85eeedcbf5798e1295da3c2f6.jpg'),
(428, 30, '6dbd050892a884f32095632a5ef9584f2096c89a.jpg'),
(429, 30, '157dfaf0ca3930efc5957b74d1cf5ec6a89cac2b.jpg'),
(430, 30, '33c288525ebcfe35e81937c1e5d8a3e63ed087c3.jpg'),
(431, 30, '206bc19901e10cc27ebfa7c40ae6120e832b7dfc.jpg'),
(432, 30, '72b14080771859ef2814f9cebc1924bc69541a1a.jpg'),
(433, 30, 'df32777409c9a00afdc2ae34cdfa3ae6aea94efc.jpg'),
(434, 30, '952464e23c1e9e7d1b0c42ee75473cf0bc534f1e.jpg'),
(435, 30, '9d21a3c733d149d365e1c0d17180c67987827162.jpg'),
(436, 30, 'bad21ff067ab07b67cdb6c8e31648f8c44955022.jpg'),
(437, 30, '262bb508ad221d0c790b8673c7f8f95f94b29ddb.jpg'),
(438, 30, '1ba4177f88b1cd37cff49bdf78238bdc64ca16fd.jpg'),
(439, 30, '04b168ebfc99fc21d69de2d2e7a8c7cf4910ec45.jpg'),
(440, 30, 'eda687466d948f4f41e7db5f28a455bcebd7356f.jpg'),
(441, 31, '7f3a9e679619ca1c005bbaec41133ed73e485c08.jpg'),
(442, 31, '1ee8fb0a1834020fdb9e0ace784498abe3bb8cfe.jpg'),
(443, 31, '3c404efb3b39c97e31ef9be2bddaa93b4d9a06d3.jpg'),
(444, 31, 'c945081cd40dc4a0d081c53745f949b88339f498.jpg'),
(445, 31, '7028c63e9231c76af604d4124b0c059d9be787e9.jpg'),
(446, 31, '3071b7bbd9355e1707d2d1c30f71340169c4419c.jpg'),
(447, 31, 'df75aa34a6e928de9df16ddfbfb459626727a1f8.jpg'),
(448, 31, 'a1749f7d45b67b2b1f32506c7a8007513c20086e.jpg'),
(449, 31, '0f92888100cb59da4cbbfe605459010e32eefe87.jpg'),
(450, 31, 'a9bf8b0f7813168d54f76fd3a1930b2e3ef9975a.jpg'),
(451, 31, '0f845c80e950e765b6861d732292a78b45b3e256.jpg'),
(452, 31, 'c1955feef3327d8863c99f8a53d129ec86fff213.jpg'),
(453, 31, 'a945dc69191fd53f24522400324df645a692964c.jpg'),
(454, 31, '26da9bc818866e628257ecffa87fc6f8cfa1e834.jpg'),
(455, 32, '946f1d58fff46749f1df084c45c56d723d8979df.jpg'),
(456, 32, '7f5e1fba53ac43484573c74606046613a65a2303.jpg'),
(457, 32, '724e07f8b0d50ce74cc65b1b4865a8ecff96238c.jpg'),
(458, 32, '4c7750fbfb545b21176b0044ce816f7f76bb6cab.jpg'),
(459, 32, '57e88c55fbe748ec38ff698baa6958cedfc22863.jpg'),
(460, 32, '0d9bfcc65f0b197edef045e512025cc400f2e80d.jpg'),
(461, 32, '2c8a0b7e2394a976eabaafc38eb4a2d14ad26809.jpg'),
(462, 32, '1f291d086e847e10f4491b5ae3b76959d294c934.jpg'),
(463, 32, '0299ea488fa982c37b2b009d12fe87b341639634.jpg'),
(464, 33, 'be267de4d594eea5e2db692196577182e29ece3f.jpg'),
(465, 33, 'a46b8d82ac3151812f31a5712877ca3f9975d566.jpg'),
(466, 33, '968847ecff59170c7ead1be054d814cbff94224a.jpg'),
(467, 33, '9d22f3f91bbea5ea165e11381eb5c0212957ae5b.jpg'),
(468, 34, '05fe00df27a1a7a1faa545f6ded85dacddaa6e03.jpg'),
(469, 34, '65f7896f669e3c9ee692f1db577625d1b1bc2557.jpg'),
(470, 34, 'dc96bec21a006b0b1f584ebbb50e109d491e5e24.jpg'),
(471, 34, 'e5ee769cd3387cb34ee7e18fc8e30b624ebd872d.jpg'),
(472, 34, '6f5f3770e39eac050afee808ac27aaf9c992c13c.jpg'),
(473, 34, '2b283bfaa4fe1f22242b9659a2e6b3b02eb5bd3e.jpg'),
(474, 34, '8d71ec7bf2bf113d8a3f5dc523182b3f4bbcb8ed.jpg'),
(475, 34, '2eb3a52fd5044dc3c4096c0b60812e296fe5e148.jpg'),
(476, 34, '7830ba12e313fb4f34a4dae9dcf4bf41c3ae55ae.jpg'),
(477, 34, '3d27d082e78989031c52c4e82f7bd9f31b41859e.jpg'),
(478, 34, '0b88f4ff363bc150578d102e58465b648df94ec8.jpg'),
(479, 35, 'c2e65811d9cab4879cf9ceaf21c4c4d17c21aa7c.jpg'),
(481, 35, '009a2b07bb88be6d6bba7c8196900306ad5bda4b.jpg'),
(482, 35, 'e3278a8ccc9b3ac75076b7ffb7bb22fc8eb2f09c.jpg'),
(483, 35, '16e35e73be891bb26a8d9cff246dd8cd38b85578.jpg'),
(484, 35, '0e864459d2c4fbf281762fbc50e710e7f56074e1.jpg'),
(485, 35, '2a62948e2ac359d4a2d7b21ed02a8d5d46a4a7af.jpg'),
(486, 35, '0627e342716fb86c5141cc124bb68db85142bad3.jpg'),
(487, 35, 'fc5880b58aeef5aa24aab87881eed64514a25e83.jpg'),
(488, 35, 'c9d08130c45cabd021959fc1e839c8839c4b9b20.jpg'),
(489, 35, 'e46927171b54b904dd2c18adc1edb7dba7d078b8.jpg'),
(490, 35, 'a6da3783b0573c5b2a08cf6e44667b2525c992c9.jpg'),
(491, 35, '4fae140c39630e47fea4a3bc955d55afde807ebc.jpg'),
(492, 35, 'fdb3072948b551e019fe0421525a5b3ce7c5fb98.jpg'),
(493, 35, '7d1764ad64318cba6156c670d0221ec93daffab8.jpg'),
(494, 35, '60f7b01d0186b11fa2d848694125db0ef07b860a.jpg'),
(495, 36, '14b8f4ede53058bd6bf6b1d3396f35437aa2e535.jpg'),
(496, 36, '0d21c34ee15f97e9dd71211c09e73744d8b17346.jpg'),
(497, 36, 'f6615873100722d1f1d7b962e08f634e050233a0.jpg'),
(498, 36, '094216fb635c94e474727bf5df95516f29879b2d.jpg'),
(499, 36, '71d259b0efe5814065a6cb243c70111e93e09934.jpg'),
(500, 36, 'e2902e2cc2ccbc8222cf162207fa3ec15cec55db.jpg'),
(501, 36, 'a94779af01beed993d760613aead75409054fc12.jpg'),
(502, 36, 'eda21e8aef537db62810910d8e3d98736f1b02b7.jpg'),
(505, 36, '2a68c849d2393a064f667004f0baca05f947ca52.jpg'),
(506, 37, '8335d29d4aaac94a800aadc6285efd65999944c9.jpg'),
(507, 37, '1229223f1fe1b18bceec3bdc59829dd4b282637a.jpg'),
(508, 37, '4de9d4565923e3bd60f10f6b2888125e36a3e6c6.jpg'),
(509, 37, 'b93c983f3228d70aea95d27ab9d1a26c20839dae.jpg'),
(510, 37, '07c4b30832bf5a2d7ad2665b9d8fe83390c3e826.jpg'),
(511, 37, '81aa80e07691ff9c06b39b031bade5b79df859e7.jpg'),
(512, 37, 'e41b17c13d5b86c61f27ac61bc4a11d27d85d3a1.jpg'),
(513, 37, '43ca418249c24f6e95e5afd41266b6ba11f66a97.jpg'),
(514, 37, 'f4ab29d46fe6667a495c3a6d070ac8a0a2eb9aae.jpg'),
(515, 37, 'f30159f5c43875dcd679e2f2af4f0a23c1ec9ad0.jpg'),
(516, 37, '02cbe16218524798af0169b1890d4a3f943087b5.jpg'),
(517, 37, 'f012d5c190e7f2bd8c6fe4f78b9d5ddc356b3044.jpg'),
(518, 37, 'b944c9c807fdc2b93239ddc858966aba65d66315.jpg'),
(519, 37, 'f1b67175b454a62eedbd2c79c3171350f73dfb83.jpg'),
(520, 37, '694f065fae90b3434d69cc683fa275444d73a263.jpg'),
(521, 37, '8b62331c138ec791e54cc7e94199f555b224b1f6.jpg'),
(522, 37, '32c6685baf943908c7e1af49e2d08a0cc81444e3.jpg'),
(523, 38, '85cb9c7e578d2e991e76fc887dce49d41f619432.jpg'),
(524, 38, '207fdcba839664c12cf65fdee42f7e5328b1b48e.jpg'),
(525, 38, '083b87e12d42dfe048a59ce6e325fe99cc3f84c0.jpg'),
(526, 38, '6c1e74d133353f0e136ce3bab47ce27fcee2a7ab.jpg'),
(527, 38, 'f9601ba8dd6a60fc01414f664c1719f9e8258c2f.jpg'),
(528, 38, '2414f9d66fcc23e7181f9d5e2ea7e5e2baaa0a84.jpg'),
(529, 38, 'fcb7a58909a85f73923252f30cd1a496ba853e54.jpg'),
(530, 38, '30acf0125e8a454b1eda2601a0e752f139172734.jpg'),
(531, 38, '4ed978f0f26e40a5aee8823a41e81db2d496876a.jpg'),
(532, 38, '388d1e29a67f65d31eeecfa76518462c7aaae3ed.jpg'),
(533, 38, '55bd3daa4021993c6ab680d68d2599044885f698.jpg'),
(534, 38, '9bd7dbce5a4c9cecc63192fa113024b1832c6857.jpg'),
(535, 38, '0182ab24af6ff8519a261dc01301cfab6c435807.jpg'),
(536, 38, '1d64d73cddfbe6d4d256f81c5611820f1590818a.jpg'),
(537, 38, '652369196b5820d42589e5ea224b4e8ed8d9908d.jpg'),
(538, 38, 'a984949ae8fc7c3b64f1ed33caf07353c6478ed4.jpg'),
(539, 38, 'af020ed19398f45986b5fce6b65cab20b4f7000a.jpg'),
(540, 38, 'f1c6fc568b4a5ae1dfac42b9e46ebb5a552ad1eb.jpg'),
(541, 38, 'fccfe5bd3ac8ba6efe7814dec58190d01a623575.jpg'),
(542, 38, 'aedebbe9870ca04826506008ace2ee8ad971ccb5.jpg'),
(543, 38, '73b876b9a0f1712c4454fffba367e1f335232c98.jpg'),
(544, 38, '3d323ba354fe06ed21a53cf981882a0b52257864.jpg'),
(545, 38, '28fc6f6a207f7edba0e0749ac4b0fb25a6f80ad5.jpg'),
(546, 38, '35e4a8d487a5a94621261ba75a70c3c6b85b1a7b.jpg'),
(547, 38, '23ecca4701c4da29ec8f6d201320a6e129a99d3c.jpg'),
(548, 38, 'd1e5d21ce12c65d2cc0e21c914091c81d6fb8483.jpg'),
(549, 38, 'b46142593ac79578de529058eb61ca3406c6fb55.jpg'),
(550, 38, '4fcd783e91d13e1ec38faf8269792cfc17133814.jpg'),
(551, 38, '2e0c48644f5289c278a405af35a3b89c50ea4d0b.jpg'),
(552, 39, 'd3fea0b9d1cd5a44d12014f9d9eac7423cdb1070.jpg'),
(553, 39, '183e6c946539d33ed53f3766cf49056e06787c02.jpg'),
(554, 39, '79cb4053388300994aa865a4caab83bffc417345.jpg'),
(555, 39, '9080cbb44c547963ebd5b9230a88cbf79ff67bc8.jpg'),
(556, 39, '02f33c49acf9fa2569ce95f08698ae8e430aec42.jpg'),
(557, 39, 'e528329cc20a6a974e912266f56b6529eb7f0cdb.jpg'),
(558, 39, 'cc090eb33764aa1ea2c9bfb6e477741bc7f60c15.jpg'),
(559, 39, '00204fe74ed3bb64b5d6f7b9e60c8c109963f03d.jpg'),
(560, 39, 'fc6959d78b941501102935e16ab45f8756b33578.jpg'),
(561, 39, '0b1d4d761d1f892ea5930289c36d362e69a2e9d8.jpg'),
(562, 39, 'eec46938c0ff335669d1258eed187c3d396bb03e.jpg'),
(563, 39, 'ef01772c03dcd63bc09c6c123882d29a466b1e70.jpg'),
(564, 39, '0c069747fc6215aba1aebf189cea02808f42a08a.jpg'),
(565, 39, 'dbbfb107e85bcae7d85e2552d6856f699e5b00d5.jpg'),
(566, 39, 'a2966d1e0e43952f6389a6c75ca07b02028bef0a.jpg'),
(567, 39, '7a08a0698b8d0764b28b7fc5b2490ee1ad552f92.jpg'),
(568, 39, '1c0213181285a7f2c70f2b46a3d776bf029954d5.jpg'),
(569, 39, '4bba1ded993670b6d4eba633c16922c4b18c76d2.jpg'),
(570, 40, 'd1a6a51564abdf7179a3ec572c3dec63e69020d6.jpg'),
(571, 40, 'a9ba2c6732192b6b8cf60b1e3b35f030ababa3c3.jpg'),
(572, 40, '2e734a50098d0ce572c35178e6464aea8941741a.jpg'),
(573, 40, 'cd0e0ea49222ac78b7e1a81fea071cd351091b81.jpg'),
(574, 40, 'e8521128ba5a944e5af0235743835ec145422063.jpg'),
(575, 40, '9615dd12c68153d32373bc752612c1f7d301c04c.jpg'),
(576, 40, 'c997adca7078ced0c558eafb715610558aa18261.jpg'),
(577, 40, '3be763c6e148ea7ca65bee68b17bec9c042891d7.jpg'),
(578, 40, '34b1d78465e7cbdf1dc3d81d79d734f99e46526c.jpg'),
(579, 40, '4fa97dfee2a8a8a58d647ac45c00eeedfb8e3c07.jpg'),
(580, 40, '450ac6e9534f7642812f8d683e11fbf8969aa5f0.jpg'),
(581, 40, '926dbfbaf81f9b0e62baac6237b41a4c59bc3e7b.jpg'),
(582, 40, '4c48430888608abdb1c45a95ea206479a7a84a77.jpg'),
(583, 40, '600ebc91fa1127a67eb6227a1f4afb98245cbaa4.jpg'),
(584, 40, '195d2772894aac771f1b0c2d5619335f36d035d0.jpg'),
(585, 40, '4b9ff0da263162946234ac93e63fce2648e0163c.jpg'),
(586, 40, '34a6382a360955cd5fc4dbcb311ed33f35436dc8.jpg'),
(587, 40, '7e3adbb0edc692f7b5be8eae66778fd77c9b3fb3.jpg'),
(588, 40, '8bf1a8c4af31e6c144b12aeee6288e176581295c.jpg'),
(589, 41, '615887869279d06857f4e40a8245aee5de68679e.jpg'),
(590, 41, '9b1f103297152a1175a02176464e29b9e7bd2b57.jpg'),
(591, 41, '2e7526559a0d9f3b260eccca508045430aaec87a.jpg'),
(592, 41, 'dcc7d2550f6d72bb60462a375aaa9780385336ef.jpg'),
(593, 41, 'a4b0f38e70d3438d9017b675f6bb8000569b701b.jpg'),
(594, 41, '56fdd0b199ae0ff4e7b5f5fa0902d9fe7c4dc38f.jpg'),
(595, 41, '83fa4cfa16937c540c28724ad5d3a6fee2d2a626.jpg'),
(596, 41, '31731733478d40d91bb22186db4d2c4c6b817ae1.jpg'),
(597, 41, 'eaa221fc0e564090a693c4422fd5c5dd0d1dc45e.jpg'),
(598, 41, '53924bd373a7827d970c4c01b982304041ae05a7.jpg'),
(599, 41, '97040f3760d707df413aaef6e5b995804bafc0f7.jpg'),
(600, 41, '0a3cbf4673ecf2ff0bc87e1ac6ce5001136aecaf.jpg'),
(601, 41, '83bcd6b47ac30847bc325450a3f66786b919a350.jpg'),
(602, 41, '7c825e19270362aab30cc40ac16f57cb21cdae48.jpg'),
(603, 42, '7b432692005675204bd57c6a60a5f49ae8dce162.jpg'),
(604, 42, 'ec494b4d72e6bf8675be0856c4a65cfc34162d03.jpg'),
(605, 42, 'c7a2613ff92f517a2f9246d8054f3000e289eb56.jpg'),
(606, 42, '3617c92689d467e2beb541c75da19f6c1a0491af.jpg'),
(607, 42, 'fb4d7324d597289a4acffa2b767596736d72e887.jpg'),
(608, 42, 'f12bbdd32bd4933da78d1233f62017726b95a0e0.jpg'),
(609, 42, '6b6ba2bad093982d504e78810550e689fb30dfcc.jpg'),
(610, 42, 'e8088e4fc2171cc34364c1b38d6afdfe7a076e78.jpg'),
(611, 42, '74971abf6f760aa890b4d63d16799145907e9e42.jpg'),
(612, 42, 'bea8211c7429c9e6e32ce68e48bffb26d6e086eb.jpg'),
(613, 42, '99eb68ab8e085050b47046d89f58cef2d4a5a9fd.jpg'),
(614, 42, '9c7d488cb246975dcdb3646c6231e5b8ea4b2450.jpg'),
(615, 43, 'ff199c595fe53486309a6ebdcb1efc6d76df8472.jpg'),
(616, 43, '013919f7477a521f8c770b5008b4370644d92c0b.jpg'),
(617, 43, '8a72be5b31ed4a42dd1d7f2f07f86128430ca7f6.jpg'),
(618, 43, '17542c2abcb9a0a8b99b2afb58e90fff3f27a7fa.jpg'),
(619, 43, '389c78531d2b0a56300b0ebae676ae98a2177467.jpg'),
(620, 43, 'c9cf7c6cd884c155813579419719be7fbe634ebd.jpg'),
(621, 43, '4d3b3669747feec50c0eeb07a48757b85fd67875.jpg'),
(622, 43, '62793839cc55dd314e9a321f8067cedde79eaee4.jpg'),
(623, 44, 'd92d35cb945f1977c32786c63c9fff9413f32966.jpg'),
(624, 44, 'e8f6f8e8148e784f048c2a8e988b1ae9deaf7722.jpg'),
(625, 44, '7150ebd5b73f59650fcdf413c0aad87c1064f793.jpg'),
(626, 44, '1fef03e23225306009940087dd448d030f28cecc.jpg'),
(627, 44, '397ad039e9214eb0b6bec9d5998961ed149826f7.jpg'),
(628, 44, '4c0a7a6e7108b16f57eb1c101606265772d58623.jpg'),
(629, 44, '44bbc5b2cc63eaae16cc3653dc7e5c091dd5870c.jpg'),
(630, 44, '77139b62349ad98e67ee9afa39bea8b812f8f3a4.jpg'),
(631, 44, '23d0fb2b260aec134c254b06ee5743fc769dd642.jpg'),
(632, 44, '04fe3755286025ab6a1dd3ca1958cb429db650de.jpg'),
(633, 44, '2940149eb2a33670137ac5589589fcd1d9992025.jpg'),
(634, 44, '9ffe21265aa97e72b18ce53fdb9c7702d281770d.jpg'),
(635, 44, 'f41fa7e06663f74a5c0922621a04ec94f9a1f4ee.jpg'),
(636, 44, '7e0c910dc5c59203eda4cc4af6b1011b9966d545.jpg'),
(637, 45, '2c6ef911d8b7dbd325a7a462e57855d07918427a.jpg'),
(638, 45, 'b8801771f140e57b54665426b09c4b28b9ec3302.jpg'),
(639, 45, '0e2422d521a93cf80aec022c9800cd400ff2d8c0.jpg'),
(640, 45, '9d4d1ed3b13886e57f62681f8c9d40318e3cdf21.jpg'),
(641, 45, '9f4a15bc32c8bc40d78f5b171c45713abc75c0d8.jpg'),
(642, 45, '52fd1d61dbac0be156b6662409f383723da6ed84.jpg'),
(643, 45, 'b25f24942ca8dde90ab19b9c5e5a1df44d61a100.jpg'),
(644, 45, '167d207ea61ddfe2872e5ba08d6637c1eb4f6aa2.jpg'),
(645, 45, 'd858d95c2acd8c36ef10c7d3a8cd6ebcd8fa32e4.jpg'),
(646, 45, '73163a15fef3ee13e27596308b5209d751bde0d4.jpg'),
(647, 45, '441648320a2f4fcb76f5c2a22c3e897148cb7167.jpg'),
(648, 46, '7ca7b87c76989d8ba19f59e12e482e628612a779.jpg'),
(649, 46, 'ef8a59d2de3f4ef2b38c691662f7805973ae8115.jpg'),
(650, 46, '685ca3f4af8fbe2f77296e20998c18829da6a554.jpg'),
(651, 46, '71ccec1c2e3a99649ef6aa97dfc4d019bb7408e9.jpg'),
(652, 46, 'e937262d738d4a456ae99e041119c0828a7bf665.jpg'),
(653, 46, 'e14fdee9d5ac2d44c3d314ec54bc40071515ece2.jpg'),
(654, 46, '3000190871ce88ff3fda49cdb918f09ac9e0c960.jpg'),
(655, 46, '6ae2a20c4813e12706e47bd25fa5fbb485978d2b.jpg'),
(656, 46, 'cda2b93dd9d3816b56e25b459447c366a10341ce.jpg'),
(657, 46, '8188032c3995de6c139c3325318ef0a2ba75f522.jpg'),
(658, 46, '37cdbee82f7d0c1e97d0cd90cca9c0d6bdd39263.jpg'),
(659, 47, '7afe1902a59f585c55b775d51cfbf79973be17b9.jpg'),
(660, 47, 'd9a8871706c1b43946f271f0f664c9e1b791ae7b.jpg'),
(661, 47, 'c12b0496bae015f860408a4ee2822fc4dc6d1001.jpg'),
(662, 47, '02f57b9dacfde57301fe82ee9d0efe3eaa51fadb.jpg'),
(663, 47, '73f886b7157093e9e4c80afe319c1adeeecab56c.jpg'),
(664, 47, 'df650e3887028e9badde7455a09c45bb7a7b0771.jpg'),
(665, 47, 'b43c1d64486f30e5c47076dcd2a0fa97cef47e5e.jpg'),
(666, 47, 'fad82be7e1b047b011b78198207a626d90814810.jpg'),
(667, 47, '84eaa0fa59e20c023e8c037a2964b508b6d049ad.jpg'),
(668, 47, '8daa43dd7dce95a29aaf150b7f5daa1a657958a6.jpg'),
(669, 47, '733488c317c4f62d99e57a8a455b4e0cc646cb7a.jpg'),
(670, 47, '85fe2b713989c42bebb102c7e37272c550f4040e.jpg'),
(671, 47, 'c3683c2c2537b7710d0934953260787609def973.jpg'),
(672, 47, '915a282e139e15c656aa399585f9d65c9c3dce44.jpg'),
(673, 47, '7b0d812c525b4892b7bdb2ab72f535fe455d724e.jpg'),
(674, 47, '4d6131c509df6528e060226332cf69c79fc70dbf.jpg'),
(675, 48, '4a614d595da538db2a5cb3ad69090d75402576ca.jpg'),
(676, 48, 'bec6a8b374ad84cad975d9dd7706baf6854087d7.jpg'),
(677, 48, '914000c34976c309f018c35ec62a1d0e71ab9cb3.jpg'),
(678, 48, 'ef917a41190955f764616ed5a80ec8d64227d08c.jpg'),
(679, 48, '210dc80a749d576c9dc2c6cf4c04735722d4d31c.jpg'),
(680, 49, 'bd3d85e89f6e326c89c0656df270c2a56bbe2aae.jpg'),
(681, 49, '428b25e51f16ee3d71558938d3e0d72617c45cec.jpg'),
(682, 49, '6631810bbd04b479c93fe6828c215b2ab95b44b9.jpg'),
(683, 49, 'a85423630357d591efdc49a84815cb88474867ca.jpg'),
(684, 49, 'b99cd20d10ef930fb7b09cf106190e1f977adcc4.jpg'),
(685, 49, '65b2d6d2c59ceb904a1d456036c1c93e06094111.jpg'),
(686, 49, 'e56513af201165ec3b5ea72f0932b3f411290231.jpg'),
(687, 49, '81105e22a7c3e9042dd68299f4e536badf1553f6.jpg'),
(688, 49, 'f0f03be92647d33d2bbf63c266c142b63f3b94cc.jpg'),
(689, 49, '927963cdb4fc11e17e1d8a56586c882ac0c44d37.jpg'),
(690, 49, '12c500350cbf862aa44b5744c05192ebf014c5af.jpg'),
(691, 49, '6e05e4afd8a4eb340d01a9c6f274a002ce0febae.jpg'),
(692, 49, '50c85c3084c2a24b2437c630cd743b198b588a9d.jpg'),
(693, 49, '732432cb08dca3fe75ec0a1b7fa9b520983eef18.jpg'),
(694, 49, '50ce7ff20d9db2fc431d7e33e9b64cf24952de0e.jpg'),
(695, 49, '665a4e081f3b6bf0d3559f4ffa4ed9ba0f23546e.jpg'),
(696, 50, '89c483e854ca17580b2c4474af99f1a9f7cf0c4d.jpg'),
(697, 50, 'b9b314647d95b26d174687bf78a059023f140476.jpg'),
(698, 50, '3c8e03f8ed127bb15977abfa40564f50f1dd2049.jpg'),
(699, 50, 'eccc7f56fce04ffc1e3709043a38711ac070e76f.jpg'),
(700, 50, 'e2138443574f95d4d7b840ab042f2aa7eb3db5a8.jpg'),
(701, 50, 'b84e6d529687465ac1e65408361d6b0e714a91e3.jpg'),
(702, 50, '8ea857d9402d581ce1c00de3f889d88b3efcf903.jpg'),
(703, 50, 'eafb301d93cafa182ffccb622e5be936d9b00458.jpg'),
(704, 50, '867e5b3cec4299009baf53f83646b3634d354c28.jpg'),
(705, 50, 'dc6bd443e1eafc756bca866f80b3734c49347747.jpg'),
(706, 50, '078f669778b0eddb3bf1bf6a953c49809fa6efa7.jpg'),
(707, 50, '5bcffed310c5e58c96bbfa3c47d6823dcd90d358.jpg'),
(708, 50, 'b8522bad748246014bbd67e5b69028cf0abc9b83.jpg'),
(709, 50, 'f15c7234160d91f0c6dbf26b5beef78a1b7bd47a.jpg'),
(710, 51, 'c4db1a188112f67cf8f6deb27d63361d36996dfc.jpg'),
(711, 51, '580a32eb4a443006a982372355d2d5481f58d0d4.jpg'),
(712, 51, 'ee3382f91def195134014bfde23378471199f796.jpg'),
(713, 51, '9926b4af1a12c8da6e033e03f4f47def4200427c.jpg'),
(714, 51, '5c5a00c7048f2145a1f1087d2e7f7d479028a89e.jpg'),
(715, 51, '06b96cd677c3787c782c18d8224dd34ea91c4480.jpg'),
(716, 51, '347cc9987529f1e52f11670f48eb1bfedbb604b0.jpg'),
(717, 52, '515b84e4c72950bb1ec75a63f8824ae15762f31b.jpg'),
(718, 52, 'cf87d18dd1c3af1e7720c5a9fbe074ba61889012.jpg'),
(719, 52, '9806609c6eaa84707e5650820bb132a7f167621d.jpg'),
(720, 52, '0a7e0c4302fd26f547415208bcfb2d1019b847b5.jpg'),
(721, 52, 'ed96efd438d87f4b7aaa04b456c39ccca84af97d.jpg'),
(722, 52, 'ac437aa422e6f615ece02bc0d2fe6816a83f85c2.jpg'),
(723, 52, '980afdc7158e3f1348e6faca75b1b4fce589c66b.jpg'),
(724, 52, '673f99391ed4dc7de3cfcae302262b5d669993f4.jpg'),
(725, 52, '82edb2cba8cfaaf31bf1aaea7e8545738bdf17af.jpg'),
(741, 55, 'aaa7d4f0824ac54ba5bfd9855eca2d7567b2f21f.jpg'),
(742, 55, '8d4daf5bd3f01cfd8a30d07cedaf19fdb5026540.jpg'),
(743, 55, '583e4f3b7e0c2362c273523bf1accccc203b9deb.jpg'),
(744, 55, 'd691ff4fb4c61734d980dcef96ff093d7e71772f.jpg'),
(745, 55, '0ec06d532a1cb4962c09fbf6137c7a0f36015daa.jpg'),
(746, 55, '49201aa00c9d851f16dc34925e2b3dd46df62765.jpg'),
(760, 57, '0159f9f852ffe720012d2e8cb701037ddc41f208.jpg'),
(761, 57, '024428934b6d643704ffed79ced40e6d3d288746.jpg'),
(762, 57, '9c61fd5002fa400e50e6cf40d49f27f108c4fdc7.jpg'),
(763, 57, '68cc4998605ef0cb383bba5ffe8cd603f959c120.jpg'),
(764, 57, 'e09585f6dce11a7ca903ef2e13348751600b26d6.jpg'),
(765, 57, '474db1945b8a02d9c13b42eaab1ed989814509b6.jpg'),
(766, 57, '721bc7e3e03b4c1e50663001b358f3e2ef2d4750.jpg'),
(767, 57, '9ff6ee6c48f6c31123b66b9fe4e52d197a1d470f.jpg'),
(768, 57, '307503da455935630a249507958a6c3cbe02916e.jpg'),
(769, 57, 'ef7ef0a83167820bd56e3ebb991d8268432d1e29.jpg'),
(770, 57, 'cf792e52946fb6b2f00f7eff7322b50e6954b18a.jpg'),
(771, 57, '3adebcd3465b23c923093f378044366dfb592162.jpg'),
(772, 57, 'd22bce2578835b3d07164c587766a5394b04dcda.jpg'),
(773, 57, '737dad864e94ec21a73b115f018c646266ebe9ad.jpg'),
(774, 57, '0ed7db661fa193e7fd992da0988b06af3cc0813c.jpg'),
(775, 57, '69329ece52c67561ff66139c59b18687035bffe8.jpg'),
(776, 57, '4c04bc2fea1c8169f09305777712e5b847bd2602.jpg'),
(777, 57, 'cbc8f785cf2693f92914f38463f4f5f490274a27.jpg'),
(778, 58, '9ddd947415420b85c988e385736de7413ab975bd.jpg'),
(779, 58, 'eeb981624c07a7a1c4e20df5cdce8025fbadd8aa.jpg'),
(780, 58, '000444c000854cb536a38877a9ee0695a91eceeb.jpg'),
(781, 58, '1e561d776e628b61bf6ebf584bd6d65cdd0b60f1.jpg'),
(782, 58, 'fb48e388fe653d95d7a574456f39efb6593078a6.jpg'),
(783, 58, 'ee84a5882b134c9a9b1466309c807c7bd04e04fe.jpg'),
(784, 58, 'e35f62914e1880c241f96fa4a6de32b2df9abdcb.jpg'),
(785, 58, '9be2a64a52d7711c608944e1cef7d7f04e800b73.jpg'),
(786, 59, '780c8563de652d542787f207d3278f3894406d8e.jpg'),
(787, 59, 'a65381bd94b3f8e739d3edf84e769d353645b4a3.jpg'),
(788, 59, 'aa06d2123fe9c51d12bf7ff0625ed31fa9b31a76.jpg'),
(789, 59, '171092881834ea59e8e3934b6e4763b7d2137c41.jpg'),
(790, 59, '81a776925879595de7dbc5412bd11f928f172a66.jpg'),
(791, 59, 'ad87d7cd6169e656ded3bf22c2ec8ea436d3132f.jpg'),
(792, 59, 'd633e76416ff33ab1f12beedd675be2f9e111293.jpg'),
(793, 59, 'f2afc4cb9ec3fe43d2d36de8edac42eba140cd51.jpg'),
(794, 59, 'c10a3fd929e08a1f54ae20854e63816fe94caa8d.jpg'),
(795, 59, '1b7ff8f06b7732dff8f17211617475a5bbba467d.jpg'),
(796, 59, '4f9fd054d8fb5fb6b94e0d4a879a17238e774735.jpg'),
(797, 59, '45bc3ba477577e29cfd17072280b06ebea37a3df.jpg'),
(798, 60, '7e3d0475399ceb7bee410854147e607abde2b7c2.jpg'),
(799, 60, '570270d8412ccc9c273bc2e2e281982c95f16f80.jpg'),
(800, 60, '9bb688fc0e4625ec550dbf22b7d31a5fc80cd589.jpg'),
(801, 60, 'addf9b69e0f99f17e3f8a27e2ee40a0abe0d46c8.jpg'),
(802, 60, 'bb1221d07df70f53136843d7c81e10e027d19780.jpg'),
(803, 60, '01bf3c7b8d4cf72f805330146d07a638f4a89445.jpg'),
(804, 60, 'b3cca44fa49d6d591c5bffc34a8dcc87a864e45b.jpg'),
(805, 60, '01d708e90e2999308026b1a20b47196c4d34c88c.jpg'),
(806, 60, '5c3267732aad97cf21db5ca213c352b654a18ea9.jpg'),
(807, 60, '51056738ff15d747279cb3553e8b56b3e6116de8.jpg'),
(808, 60, '52c552d93368608d6db4d9c65350058ca404a99b.jpg'),
(809, 60, '432ff03aef91b791fff9bf18f65687a564219e13.jpg'),
(810, 60, '4aa712c3fe3da860a314f1aa5346c77482eefaff.jpg'),
(811, 60, '451605e03eee54499c27eb586498f94d0db7537d.jpg'),
(812, 61, '4010fa3d00db21e04a1c1f52b9b56ed44d1cd58d.jpg'),
(813, 61, 'edb47051a91776fe205bee39e8c513b8b116ec72.jpg'),
(814, 61, '4083e8e3811a35fd4263a2ef81f588009482d819.jpg'),
(815, 61, 'b74a5018d79696787cac2cb91df331b11229cb1c.jpg'),
(816, 61, 'ae704639c17feaecde0f9e0e7b9cf4a26643ee4c.jpg'),
(817, 61, 'b7d18b5cc797e9c021c88050548cfd37d27b3c94.jpg'),
(818, 61, '8a08e8851f34f9f31ed73834d88d093a12469f9c.jpg'),
(819, 62, '3f6187e247b43f9ae30cd3f8490bee38866ac8bd.jpg'),
(820, 62, '1b3a432fa95d86899a7d9bbb56a559f7ab793a38.jpg'),
(821, 62, 'ae53ed841b0ee896288adb7bd5761497b9a04292.jpg'),
(822, 62, 'e3cfed01399a10388a368ad560c175d4e4bde1ac.jpg'),
(823, 62, '85e6290060b0236265fbec1411a02253ede22e96.jpg'),
(824, 62, '17a17d0d03938b52022df9f0251c741a4c1af057.jpg'),
(825, 62, '3587f2cc804401ae29a470be2e0b83bba50438f8.jpg'),
(826, 62, 'd4d3fd0f3d5677e81621c90abdaeafad46a1d46a.jpg'),
(827, 62, 'ae4850c4e8335d510242cf30c371d79a7a1006e8.jpg'),
(828, 62, '134bc1cd63e84ddedb01aad5602aacdb1500ef11.jpg'),
(829, 62, '238ed535e5929cce840b711173982786db82f46f.jpg'),
(830, 63, 'e90a90b7c6135e6ebdf6efd05e0ed67cba5442d6.jpg'),
(831, 63, 'cf3e85c7b5ea4e038dc95b733254646a511a51d2.jpg'),
(832, 63, '682cdb3dd9e6e8dd6907a09dfcf927becc90f31b.jpg'),
(833, 63, '0d709e815043cb414a297df76f2eaebd5c4b0999.jpg'),
(834, 63, 'ff64b4b3774480a56d81dde6fbfd9684098fe828.jpg'),
(835, 63, '9eb12ab83ee35ad576e0b81aa8173184b8b11f36.jpg'),
(836, 63, '41af22f69e37ccad6d6d321a0188ed79c57e5adf.jpg'),
(837, 63, '40075704130eebb17f4ddc3ce418ebd553f284cb.jpg'),
(838, 64, 'c3b536cb21f7ba497958361f2707149c27c2741d.jpg'),
(839, 64, '113fd14d58489fcdce62f92f4e398cec94a395f0.jpg'),
(840, 64, 'c191b7b51f759ac8ee8aae1e215eed43a51e99ee.jpg'),
(841, 64, '41fab8b9847aad7ee26a074f8f6031cd02b8c083.jpg'),
(842, 64, '1b4ca56eb51c139cdd121a204fdfaee9336e45ec.jpg'),
(843, 64, 'aca36eeed06750c38b78e49d010cb5f590f54906.jpg'),
(844, 64, 'c519e8531b9709c885aed867c8ba0cdbfcfcf96a.jpg'),
(845, 64, '3a338d413d3b11b043e55ac6caf88e204ac40e83.jpg'),
(846, 64, 'b0c2af271570694be50fb39ac040f9d93ba77eaf.jpg'),
(847, 64, 'ea4f5a21d90addb8d1d4ca70f86aa2e376668a21.jpg'),
(848, 64, 'cf3129ec86475da9288770e73f375d414b42b0e9.jpg'),
(849, 64, '8e00ad14f79a346f605a17d1425972cf57260aba.jpg'),
(850, 64, '8ab6496846facdfb2e6c61a5d533754721cef4c4.jpg'),
(851, 64, '822c06b0b25213fbc01f834ce5a05874d5a68c55.jpg'),
(852, 64, '2a423ae9a42b2a47fe3ef6f01f08a0cc230efec8.jpg'),
(853, 64, '737ab3c3cb85e037234e49bf3c71a2bb01918ce5.jpg'),
(854, 64, '5aba149c02cd76abe7d01551477cf6823052f907.jpg'),
(855, 64, '2cc06758e47e0f7831175c562ab0cf5fad5b74c7.jpg'),
(856, 64, '7db0b10e35fd3e43db990ae80e8973ca2c78d0f8.jpg'),
(857, 64, '604c94a718251c69e9c18a479d5ea6bfeb513d10.jpg'),
(858, 64, '02e50cbd59718285e9b84f7c99bc4d74ea92bcc3.jpg'),
(859, 64, '2fd6d56a41ea55a7a27ceca7775217901b93f074.jpg'),
(860, 65, 'd2202da8c5ebf32d810bf062eb9d0e04ec3b2b61.jpg'),
(861, 65, '6990829ca9db1f81057d6279b12e84a497c6e745.jpg'),
(862, 65, 'db320ba48b49cc038d09d62967bc975d0ff508aa.jpg'),
(863, 65, 'bbfd8330a3264562309d9bccf30b37cbdad99036.jpg'),
(864, 65, 'e10b37ca7a04842b37e44b6fca8c2e61e4d676fe.jpg'),
(865, 65, '93a9f3d836689ef076e384e4eec166d3b4199167.jpg'),
(866, 65, '4f6b4db2ae726fcf572e3fb8b27a03ebec65e47f.jpg'),
(867, 65, '3ca0af2f0dd254fa3c17904c7f02bb8ce55687e4.jpg'),
(868, 66, '71b425707a89e7b6df89b6356535acd3b74c93f4.jpg'),
(869, 66, '0152de3b9ecb7e1b63c791094846d492d9557b01.jpg'),
(870, 66, '788b32ec653f1b1ed983fcdb6019e81cf1f6dae2.jpg'),
(871, 66, '940cc223e2be783ec7ec1497f5f0877944cf9ed8.jpg'),
(872, 66, '79479f6481f75c5a6384d55958f9bb7a9f43984d.jpg'),
(873, 66, 'fca8c57ba8ffe23584abca10f2f13525765aecc9.jpg'),
(874, 66, '63fc9c62ca59bcbdc5701391d034885e4f964ad7.jpg'),
(875, 66, 'b6ae57d783c83c70355d0fdc08bea5b2acdad729.jpg'),
(876, 66, '5a42e8ba4edd6454feabbcdef06041a79aed3e7e.jpg'),
(877, 66, 'b96871ab0708e80086de99fd2d6149cf62622d5e.jpg'),
(878, 66, 'f4dd16f9d2b26be1e6a66f9d9cb525b44fed77ae.jpg'),
(879, 67, '14fac77cc8fdd8556b64200cce2b3b2beac5df37.jpg'),
(880, 67, '5ad542bdfae82574d7d5db95f8a094797156e787.jpg'),
(881, 67, '53a62b996076b3e897618ae9bfe37b34fd0256f4.jpg'),
(882, 67, '959b17434fca351c202a74c20e758276f5f31d4d.jpg'),
(883, 67, 'cc45d70dbe531ba67fdc71d55a3f49b04527ff3e.jpg'),
(884, 56, '6b9cea331f8a96695625321c6efe6121bc69ad86.jpg'),
(885, 56, '8946eca45bf5dd2cb033f06939e2f2af40188894.jpg'),
(886, 56, '40fe81c6822300dd869fed909b187d552610b89c.jpg'),
(887, 56, '0c9e962bd5564968310a90bfcc9e5aa38b6e9352.jpg'),
(888, 56, '0c6777f364c7041d9c86d7d956709414d2df563e.jpg'),
(889, 56, 'e9ca67ddd4c595254db870329b254c93aab48a33.jpg'),
(890, 56, 'b1d9ffb1d4e551f3eba7008863b16b553814f804.jpg'),
(891, 56, '111dcf8718a15f8ad6cdb17f9b4ba865f7a9a32c.jpg'),
(892, 56, '1a57ac9f3eba87606a3f985b65ff37c5b60a8541.jpg'),
(893, 56, 'e3dae31125813c9259321546fd313eddcbdc713e.jpg'),
(894, 56, 'b4a8138eb5254afad779c564689e4fe2411578f9.jpg'),
(895, 56, '56012dfbab10fdbf9f8efed4d3a2dfc53d5ff167.jpg'),
(896, 56, 'bdff586706feacbde678891def2d079c96f9e733.jpg'),
(897, 53, 'c4999403f69bc8a516b50d81c65374485160eed1.jpg'),
(898, 53, '155eefde47b9f43f0485fcad78826cfd584b8657.jpg'),
(899, 53, '41e095af43f48f0e0c3522c70dcb92cb3b5b1dda.jpg'),
(900, 53, '1142cc4977df3323f85fc7f9b70deecedc8ebadd.jpg'),
(901, 53, 'ced5fc6d3341a2ca188a123e13975be8f23ff6d3.jpg'),
(902, 53, 'f2b8434a73ff7430dbfa5f56516aa6f0445ee08d.jpg'),
(904, 53, '6e7e1406245be208c1042963d5b466596f53abf7.jpg'),
(905, 53, 'b06ce15259e6e6c7ffe22040b6273abf5c542e97.jpg'),
(906, 53, 'be8c1db676230e5ae7bec4ea3ca31a269f84ab2f.jpg'),
(907, 68, '4df87296377bcdeeaa3c44d94af410153a462caf.jpg'),
(908, 68, '7b407bffa7555d7cbf8ced6063ad4c9cba8ba31e.jpg'),
(910, 68, '8128eee269729cafab4cefc014a19b41743f9328.jpg'),
(911, 68, '926274c0b9c299ae45d1a4309e82d1dd458f9152.jpg'),
(912, 68, '3a164493524a5e0d5b6da50f2aab783334a57060.jpg'),
(913, 68, '8a8f8490a46b242943a78b0ab79a4b4108a514ee.jpg'),
(914, 68, 'aad2423822576bc307d85ec5fefda3318efd2deb.jpg'),
(915, 68, 'b9a9c0006d321411caa6b0efc4a8b47ab79d9b44.jpg'),
(916, 68, '244640c803804bec616c96e4ddbab32f8f548ce5.jpg'),
(917, 68, '07774cc9ec2d06f7185b06e07dc9a7a4987384af.jpg'),
(918, 68, 'd8862c3f4357e839fb32ff2379102e25e35f426a.jpg'),
(919, 68, '0a5803db6d7c060f863619a431d38bd40ba7d31b.jpg'),
(920, 68, 'a1a3359f57b68bf2e203a24419f45d1ac61b6736.jpg'),
(921, 68, 'b08fe07913c1bb11673d6b4f375d9725dee4d761.jpg'),
(922, 68, '4d1d669d653a9b9628fae8a71eb61a473432ff38.jpg'),
(923, 68, 'c1b8d028a761a41b4b06d491bb40de5d5f80f548.jpg'),
(924, 68, 'd29f95e149b6fc478aaeda77d270c76a19fe0aac.jpg'),
(925, 68, '430708c6d73365fdca92f44c299d3d4cb1093669.jpg'),
(926, 68, '40b7404cd39580f3c94de86bc5acedb805686d10.jpg'),
(927, 69, 'd62a1f48ef2c8a3650729f21a055e6eae0dea8c8.jpg'),
(928, 69, '15e7ad28a412cf2e29225ec583a0ad7c48eb706c.jpg'),
(929, 69, '8bd904e58dc0340a6171019a8d31a0d7e8631b31.jpg'),
(930, 69, 'b7c296e24d6c1830bf58d5bc63654b349f494fb8.jpg'),
(931, 69, '18bb62f8ca7707903a2ed0eee320aa6b376d9853.jpg'),
(932, 69, 'eed71a54902c1f8a095a5cd37e1a1222a66825ba.jpg'),
(933, 69, 'a012a0006c0c87b365b06d563321dfb1b3644052.jpg'),
(934, 69, '1145f1d0aab69c07a94cd598d6a732fb7f44ad75.jpg'),
(935, 69, '4cbcc1293804d27788cd0c928b915e47e32e4872.jpg'),
(936, 69, '0f7f3a5fa8f5c21d9317de5c8d6f1e8cb09ec08c.jpg'),
(937, 69, '791e7cb22e6b28164fa2fabe9bccc51e42ad58cf.jpg'),
(938, 69, '60de76dc2439eb4748191b34d28c6f443bb0461b.jpg'),
(939, 69, '5768d66d4f6e23f11f7d20ae92e917d2a3e82139.jpg'),
(940, 69, 'd7a9e4f608a11b1cde5f1f0df24c370b707e5345.jpg'),
(941, 69, '0e8b460f92b73f0260b9a814021d3b70c1335714.jpg'),
(942, 69, '91d18ecc42a8a0b8fd1d3ea17f22182cbc049ade.jpg'),
(943, 69, 'fe24217b00b59f6e92abd450df30ad931a6366a7.jpg'),
(944, 69, '45532d51a16ede08f52c1ebc2d45e2fd069005e0.jpg'),
(945, 70, 'fa7ffd4e1c47e50efc8a7810a221860ab82aa968.jpg'),
(946, 70, 'f421eb8f2fbd1e864c9c85042525c84a11290131.jpg'),
(947, 70, 'dfd1d984911ec84fec82ad2712a5f3cb48c2caec.jpg'),
(948, 70, 'c4bf8dbda183bfc5b673b6be79da19b6377a943e.jpg'),
(949, 70, '92abc185cba491fd8fe980d54c275caa9b87476f.jpg'),
(950, 70, '4235c41b4f4cff6923f8c9f94c4d78a73a0e76a5.jpg'),
(951, 70, 'd568a1b5853ef8312301b23eb9a49361cb9223f7.jpg'),
(952, 70, '06d43cb423e34efa76c8155db1d2208abd2a712f.jpg'),
(953, 70, '5c3e8676accd7545f457ce3cbda7f8d55e5b45fc.jpg'),
(954, 70, 'ac0beec994d6b3a38ebbca080b32042c04a5345a.jpg'),
(955, 70, 'bc68b469a69d67c72c1800b8b506fe8d160a18be.jpg'),
(956, 70, '7df6d251d0eec8d1dac100c08c1eed5c5dfb48b5.jpg'),
(957, 70, 'f09c7c05915392bdf7d1cbfe1c85e1d77c1868b8.jpg'),
(958, 70, '7eb9e61c99e75427d3003945f2492a8d8b33adbd.jpg'),
(959, 70, '0dc27c55ad4f632fccd3e2ef0afa10bc687314fd.jpg'),
(960, 70, '4b73977871be139cf18e36e0bf11b7479625f865.jpg'),
(961, 70, 'c627621f6a2360187b3628e2de6f4a812239ae60.jpg'),
(962, 70, '4f0590fa656d66a47094d2a26fae06b704d3afa0.jpg'),
(963, 70, '4a644beab9b4e3961950f98620a4f1ddac1cc645.jpg'),
(964, 70, 'fbbe0abf6307c14b18dc90a635518f7d7b983102.jpg'),
(965, 70, 'fe97a90945077e1a1240395bdbd88b9a0d63a3a7.jpg'),
(966, 70, 'f77ca06ff9729487af338a90e9e9bd039beec236.jpg'),
(967, 70, 'fb5e2dd0ea767cb4bb7c25fd93abad323395f52e.jpg'),
(968, 70, '391e3dcfe60390fae453f7e4a704294088985077.jpg'),
(970, 71, 'ef8be1305648ce7f5be0caad7e87778895511df7.jpg'),
(971, 71, '71a3e99cd25a2b3e2f84bee9d4f0e5c4cca05602.jpg'),
(972, 71, 'd3f0744b2a615021f7a63df1a743f5f868433d08.jpg'),
(973, 71, '3806be5ce9e8b436459d40cd8e77ee545a797cba.jpg'),
(974, 71, '15792fd54ccaafa2168067554cf3a6dbb8e6589b.jpg'),
(975, 71, 'c5cb8059937d0bdf982e379ba1bb7429ff25486f.jpg'),
(976, 71, '92c5cfc77fe9fbbc03734cea44eb1b3f9b216e58.jpg'),
(977, 71, '654e347689c894769d04dc2ec307152a4c983551.jpg'),
(978, 71, 'b13602aaa931937aa88cd4be88c6ab05f1b55f2c.jpg'),
(979, 71, '27dbdc9c2874454018343200e27508965caa71d2.jpg'),
(980, 71, '8e2eb2333f41b1a98646219a6bff76cda0ce8911.jpg'),
(981, 71, '3a3c6a54cd9bd551943a57a40b3cda701ce24245.jpg'),
(982, 71, 'a692e279a6ba01dffddae60efc899312a1c34a70.jpg'),
(984, 42, '52846b54e7662846bca8347f55f2f0e72d776b2e.jpg'),
(985, 42, 'fdc881083abb5b522f53758bab411242569a959c.jpg'),
(986, 42, 'cdf66350e4afc8f0b1908d7d789eb8dcc5696f16.jpg'),
(987, 42, '402555147dc4b86d1ce576d109ac1d5a0c87d2ee.jpg'),
(988, 42, '2e263d5f155a70a091f7432727fb54b50d2759c5.jpg'),
(989, 42, '07b40b7630ce4f66247a3d7ba7dda0e235b2f90d.jpg');
INSERT INTO `model_image` (`id`, `model_id`, `filename`) VALUES
(990, 42, '7605050bf7a1561306fbd8c8646d461dda37ff2d.jpg'),
(991, 42, 'd7a3f8fa92b940c1bf47329ad0660e3aa833adfe.jpg'),
(1003, 72, '8c0b6e7e0a96b52c4da788454ed7f21b43ce43f1.jpg'),
(1004, 72, '74863f2dfdfcade30412f5e9d300659b99cf960b.jpg'),
(1005, 72, '86f8b7ffab3aaf261530daf24e9ce06d5160a983.jpg'),
(1006, 72, 'b3c78846e76a43d5a247d9aa6a185a7c1f8565fd.jpg'),
(1007, 72, 'a87e655c63bc96dd7bad49698739cc588008ffbf.jpg'),
(1008, 72, 'ce8f9d4757795d5b8ff87b868d8a2bec59962dd8.jpg'),
(1009, 72, '3403418f0d08d3adaacc7fedbc26265954246c06.jpg'),
(1010, 72, '6d3aa8a5a8d3853fdb01cd9001a851e715c38468.jpg'),
(1011, 72, '8d25ace57d02bcdee3c8036a6bcc672a7c7df7ae.jpg'),
(1012, 72, '59e8d91f00f6a24d981b5a570880b07338f3d211.jpg'),
(1013, 72, 'ab038e813cb4dfcd03dce9a351c5e7b3bb8ea224.jpg'),
(1014, 72, 'bee599e2ab18f2c0cea43818a48dd6a0cc2d608a.jpg'),
(1015, 72, '30b8b7316be11e82d033d515f555827c7238a75e.jpg'),
(1017, 72, '170b17c9f739bbf5bcf12e36bd5ad75a91f3a211.jpg'),
(1018, 72, '2fdd6ef9b3b6b2177d02079a65becd7d6b557cd1.jpg'),
(1019, 72, 'bf462c0b0d5eed2fb78f4247583540488d066d95.jpg'),
(1020, 72, '806bb8ec82614e84c2d1dbb46331560d24b36501.jpg'),
(1021, 72, '67b5179f67c72cc0b5fb4e98e0776b928a8f58d6.jpg'),
(1022, 72, '70240bef44962049a36e2d6c27e04abe4b6c721a.jpg'),
(1024, 73, '2b4fc5bee0c2b4eb489643bc6954025209666b9e.jpg'),
(1025, 73, 'a479171a1961b9a1c279e6f5cd75aa8e5b40e711.jpg'),
(1026, 73, 'f530c7afb24e2f8badf8ed74244efd0b8ff4afa2.jpg'),
(1027, 73, '44949257b19aed3e5f0f20c8d608d28dbd8b7f83.jpg'),
(1028, 73, '4c93a2dc25d48fa59ea09f395bfddf32837e9b50.jpg'),
(1029, 73, '1f6f8962c1450c85bae67e56ff93999bf19a604f.jpg'),
(1030, 73, '4c5ac5e81ec8ceb92458ab32f0692006a983f812.jpg'),
(1031, 73, '29f2e4481744eef86dafd76d42afa8a7983423a2.jpg'),
(1032, 73, 'd636f2c741dfd2314803cf9abdb16cc6aa354cd5.jpg'),
(1034, 73, '06ad74cabb0ffda9b48e2a8d0e6e7ffa48b19e74.jpg'),
(1035, 73, '6a55b14a5d529af645a187a7dd7b02b125da4074.jpg'),
(1036, 73, '899c2c77d3075c70889d2881fadd699ddf3d2ccc.jpg'),
(1037, 73, 'c50a42225297c90b7dbd7312c3b88ed17330ef25.jpg'),
(1038, 73, 'f08d2d5ca405d7dfb2aabd3ffa58e54d55b7ffb3.jpg'),
(1039, 73, 'fb3d3d24c2019278a7a401c4e2d9bb1e763ff40f.jpg'),
(1040, 74, '89f92a46938aeb25c9f5396366e73ad5432b4a7a.jpg'),
(1041, 74, '4cf0d79eb491680c0428c1739c240472907d9f24.jpg'),
(1042, 74, 'a9afb0a0e225e6a8f14759f715b5579a845a235a.jpg'),
(1043, 74, '43bbd4fa435d665940abe9f1ec8b2d8fc5477618.jpg'),
(1044, 74, 'ed81b10128871a486585c761b6717b36eee7e20f.jpg'),
(1045, 74, 'e55df9eac57e90ad3e9a8107aa31da41f6d7a05b.jpg'),
(1046, 74, 'f0df45b4a7568dd686f17acc647e44efe59b2719.jpg'),
(1047, 74, 'd711f5027adf582fa101c68657b67d7e96764071.jpg'),
(1048, 74, 'eb7cbdedfe4ddad8c17bffcfb8950b772df9051a.jpg'),
(1049, 74, 'aad5234375e8b685a87e4bc9481891c55f43364f.jpg'),
(1050, 74, 'fe6b738d8e86cf2b496c309c29400c4c58eca0d5.jpg'),
(1051, 74, '79109ce0a0552c2dd9c6d8ffdfad4529962106ee.jpg'),
(1052, 74, '3aa8f6d13015bfbbd69200103283506a12462a74.jpg'),
(1053, 74, '4c56b0f097b1686ad6498e09aa69c5c1b6b72d5b.jpg'),
(1054, 74, '00db20cd0e9cd34aa7ab5808f90d3744f0dd88df.jpg'),
(1055, 74, '535eaae13fdc97c7005015ec0fde24a1e4771801.jpg'),
(1056, 74, 'df2469137f19a2c9d1488e43ee6ff8e888d82620.jpg'),
(1057, 75, '3462bb09272e86e6ed2b35c5681c5569112fa621.jpg'),
(1058, 75, '08f71d3fe1bc639610145c4d448a4812d0621401.jpg'),
(1059, 75, '42aafd47cf4ba8e0dfc33912b13153ce0cd5dfdd.jpg'),
(1060, 75, '1d6fe4505f531074999b2b801d663eb07ffce75c.jpg'),
(1061, 75, '5b2a0860f9db723daabef774803e5098d76ab62e.jpg'),
(1062, 75, 'b2d028cd9d78426100393717b28fa555d18a0370.jpg'),
(1063, 75, '11308c83699ab8a76a42a287d910f6dac0cdd845.jpg'),
(1064, 75, 'af2b7d2fe3b6efbb5299ed6a29a45ec34a332afb.jpg'),
(1065, 75, 'bdbc164c66bdaf5ee6b1b15b7c7df2a647a787ba.jpg'),
(1066, 76, '880ffb4a0eb7edc65c42421c546a40b5b87b7094.jpg'),
(1067, 76, 'fb0562bdfb090ead0ca8d852aa459e6f7f41b083.jpg'),
(1068, 76, 'adde5a1df3de27b59d5e3971e33b7a95b431522c.jpg'),
(1069, 76, '7816841b540288fd0272f06588fc22726eb71dee.jpg'),
(1070, 76, '83ce03b596f40e5c93c8cbe4d1c3bd562801d92e.jpg'),
(1071, 76, '2503f43a7bae2e0d5fc3ecf4d135d15a83aabb69.jpg'),
(1072, 76, 'ce5f019c4ae00c41855d1f62b24403665e65e80e.jpg'),
(1073, 76, '4ec6324161c27a963a2f08990558477a542e4d5f.jpg'),
(1074, 76, '5ddccb49c6620c92dd25fb8df5a382b8b3753d0d.jpg'),
(1075, 76, '2ea763d1298351ac38d12343995c5a92daf11258.jpg'),
(1076, 76, 'b3014cdba3317de8bfee3f2f65acf31159255d4d.jpg'),
(1077, 76, 'c92973a3540792a9265e5a4f97075c528c82afa4.jpg'),
(1078, 76, '04ab75b162a9d966653e5acf130ff6b8f8dad697.jpg'),
(1079, 76, '5aa357bc6b7c1b43c3224dd4566720d260111a14.jpg'),
(1080, 77, '4059793bf05892c17ccb12ff96b98b82fe05b14f.jpg'),
(1081, 77, 'cd9a9bb6424935771f71bdec50f0faeea25f9d99.jpg'),
(1082, 77, '07866f338572ac0f1ec55f2407018d89eb277c0a.jpg'),
(1083, 77, 'a2ef305dd9a1db0248366d61346b5f85da9d02dd.jpg'),
(1084, 77, '09aadbfb9e3a9ac7758e19bccf395ad3e1fb2b24.jpg'),
(1085, 77, '30f1d590639cf7b83a1aec743fb9c0bfdee69090.jpg'),
(1086, 77, 'a07bd9e703ae7b4b4bcc404e6174d235fb8b9826.jpg'),
(1087, 77, 'a339be20c46d51ad7cb2a00cb5390ddacba1bc42.jpg'),
(1088, 77, 'ee6bc4c5bb473c036f45270b3efc7f07455e35b4.jpg'),
(1089, 77, 'dcf0cbc240bf3c8c007b412a2dc71ab2f3396330.jpg'),
(1090, 77, '4f833e163ef3458ff7a9802df9ec6d4662be27e9.jpg'),
(1091, 77, '7d38d3d9b49e210788c2fcfcb4d98a20887e855f.jpg'),
(1092, 77, '4e31ab5553d75ee5ee944e5daec050f60655b2a2.jpg'),
(1093, 77, '67f53235d93344417a61fb85ed427417c2b4bb8d.jpg'),
(1094, 77, 'ff00d3dcefd4d08058952f4203f465ac98e2d258.jpg'),
(1095, 77, 'd5363015d91b438207568105a82e160bddeabec0.jpg'),
(1096, 77, 'ea105d1b46185e7ff8b9fe455f213e81971926d0.jpg'),
(1097, 77, 'f7ef3bfd5dd9e5731a22a1420775571fb8618199.jpg'),
(1098, 77, 'f40b669fb53b5768a6f35b3a73f776704c3fd1c8.jpg'),
(1099, 77, 'ed00d5a8847389a051050bba4828d94150e6db0d.jpg'),
(1100, 77, 'dfbea855b32a2269badbcb9b104c3c634903b74d.jpg'),
(1101, 77, '74d0269194c670e372305918b2ccef8ac6302665.jpg'),
(1102, 78, 'ad33ac13fd8e16f64e5c77bf0ac8faf729605560.jpg'),
(1103, 78, 'b8959ea742561a105017edddea0da67c61cad9af.jpg'),
(1104, 78, 'ccde62eb9073cbe82f4e307ae020c60548cf5c17.jpg'),
(1105, 78, '1d9bf543b5c25dd85f5e99da149675dfb3dbd05f.jpg'),
(1106, 78, '54a8f241efb7712dcdd8df6cfae25e5cc2d46557.jpg'),
(1108, 78, '6e042745446ec4775551eb915c0359b8ccbf7209.jpg'),
(1109, 78, 'c78faa68855e6e4b5926f547b067f2d5fc78c326.jpg'),
(1110, 78, '98768245485b8fb74e3f222e9da1f9d7883b0ffd.jpg'),
(1111, 78, '63fe8967a3bdbb0f399995d742cd106953fe9fb8.jpg'),
(1112, 78, 'b93825cddeb9f29313fa028f739a1839e718817f.jpg'),
(1113, 78, 'ec4a0e636124ef03ccfc4b863a4e72147004cd34.jpg'),
(1114, 78, '14800bcbc1f6b49f538d08be7a779e33c77595af.jpg'),
(1115, 79, '3ad2b6eaa3f70bb803afcdc59a5b4d89cb31bcfb.jpg'),
(1116, 79, '29a1d5115220195cf01165431b63aa0a34934e62.jpg'),
(1117, 79, 'e50ce560f347ea2e60db522556dfb3d00600987e.jpg'),
(1118, 79, 'fc7f7d07de5b23740d660d7219d73f62d3045071.jpg'),
(1119, 79, 'eb387f0e634b427626c202d33964f5117b3960a3.jpg'),
(1120, 79, '0696410dee3ca858db2cc31191748c495d1a323d.jpg'),
(1121, 79, 'd78c3d90100ccf8000a710fefd8bf49e167365b5.jpg'),
(1122, 79, 'c74f80649f24086d14eb22af41d17abde752f18d.jpg'),
(1123, 79, '08e69f9ea1e707d7cec66c9a6b8018259c75aeac.jpg'),
(1124, 79, 'c7d09d9f8ce65b8373593568416755df10dd6b70.jpg'),
(1125, 79, 'ecd1770b8f5eddb2798275761ae35759e9f97bb2.jpg'),
(1126, 79, '52b9fac0b5b7703d9b30145c038b21e7bcbf4032.jpg'),
(1127, 79, 'baea4d1558cf4b4ec27613d02b676a3f9faa7a51.jpg'),
(1128, 79, '6d52446c119cd58ec200caa69cbd374c733653c9.jpg'),
(1129, 79, 'fece9eff63caaa0a7bf5b7900ddc787e27df1985.jpg'),
(1130, 79, '301c8b2b8a2206a663eeb1bf913706cf86a090e7.jpg'),
(1131, 79, '04c96a62638050a515d203010340b37e680bdeeb.jpg'),
(1132, 79, '95d3be6e1555a33dfc1554642f9fb17bcfe9a3f6.jpg'),
(1133, 68, '8e88d6278cf69a6250cc86342c0c66fc94dd48a1.jpg'),
(1134, 68, 'fa6b2cfce72639196194ea3dce572dddd741ded0.jpg'),
(1135, 68, '9d060bdce798e4e4032295949bd975d301004b71.jpg'),
(1136, 68, '20842894db79af15ff4590cd7733cad6d67a74be.jpg'),
(1137, 68, 'fb1191c7b506ec786d448386680f50526ace36e4.jpg'),
(1138, 68, 'c58bd8e79e9689076c9145f35b3a8a16ab61cc47.jpg'),
(1139, 68, 'dacd6edeb3dfd297d9540933d29d51b444e7f3ee.jpg'),
(1142, 80, '6c213b10245e0967d382994a0766e00dbb17e677.jpg'),
(1143, 80, 'ac75f05e18f11a03ff4e9a04511c258424d01847.jpg'),
(1144, 80, '8b4a783d65e805ea2db9e03ee0770bf4177926e1.jpg'),
(1145, 81, '76d6bfd15b39494bbdf604bb90621c668ea29d53.jpg'),
(1146, 81, 'a6c9693edb831536dcb6d28ac0bd932981357709.jpg'),
(1147, 81, 'c523bf2ef6af52e837b49914767fbbd9466d380c.jpg'),
(1148, 81, 'd53048abb308b74e605650757571628389a0ccd5.jpg'),
(1149, 82, '60e56f3a65bfac60dae98dd44666cc7db1efe32a.jpg'),
(1150, 82, 'd1267e24f4f3377ba6a1f5ba4f8d6dd1c9669f5b.jpg'),
(1151, 82, 'ae7c65bdbb987a0aa90dedbf7dc615c09f7cc12e.jpg'),
(1152, 82, 'bd0724cc70e95cca7daee07f1a8248cb4bd4ad1a.jpg'),
(1153, 82, '583b72be13c9bef398077f31a31274695b43755a.jpg'),
(1154, 82, 'c20dba159795c52d77c763345b99d64b4e9b0562.jpg'),
(1155, 82, 'da831d2055bf5dbfddede68f087b21d0cc98bbb6.jpg'),
(1156, 82, '4634bb2fe112c485607e2ad0911a06b1d20f9acd.jpg'),
(1157, 82, 'e8b534ff6bd560f7fbc0959add2470f8430bd874.jpg'),
(1158, 82, '15d673d7d22135381128bd17e0e1c79ef6525a07.jpg'),
(1159, 82, 'c0ca26eec1459223af0c415e845844befccb376e.jpg'),
(1160, 54, 'c277086047d6ae3f9d3257546873bfc1c0671f78.jpg'),
(1161, 54, 'c6fe07f443d29cbbf8a35d31b27396930fb51e3e.jpg'),
(1165, 54, '16a9ebd86a7b99d10d09020164ffbffbf654b9b8.jpg'),
(1166, 54, 'c7717b25b3f071ffea6843533797bcbd98423200.jpg'),
(1167, 54, 'dd0bfe3d3f4235b083c56d865c7e3a55a127ab40.jpg'),
(1168, 54, 'ca6d9c0d3fafe69c386fbf78dd7a80fa858cc223.jpg'),
(1169, 54, '7a561f0abe0ab42b5a8230f967bb0ad364b8d459.jpg'),
(1170, 54, '0f44d992f1339551cb33a2b4d773ee3f15097436.jpg'),
(1171, 54, '4055790ba16e5934643e460f8f1763bf01119cec.jpg'),
(1172, 54, '4c0d83858fbe9ee2ad1b970d37565764c726a748.jpg'),
(1173, 54, 'de6bb793c51c6e5cf15cf80ac2932e448f0f9838.jpg'),
(1174, 54, 'aac532b0fc41401226154a23466742e5a59f2549.jpg'),
(1175, 54, '445063858eac56e356f8bfb36a550e515cbb80d2.jpg'),
(1176, 54, '927b9a8be22fa0ef696141d21d5f284aeab3a682.jpg'),
(1177, 54, '169a942e3091d48bc236ef504eeb0c65fb738a24.jpg'),
(1178, 54, '3aed72de35f73d214dfbb847a3234c57b4367fb7.jpg'),
(1179, 54, '16ea1bc4561f6f01612ba3733e2d6abeec8e575a.jpg'),
(1180, 54, '01b3fbec92f392eab4bf78887b6cac46de7e6606.jpg'),
(1181, 83, 'a4f2c7ec21588e9a088f1f20193a7519a8f5078d.jpg'),
(1182, 83, 'b5efe2081afeb92c966f5eed1368364e233f6db8.jpg'),
(1184, 83, 'f08e9ca19d3a1f130f994e504c56446168650c4c.jpg'),
(1185, 83, 'e8c964a6940fe8e504d71f5362affb60d9dfff12.jpg'),
(1187, 83, '6f47c0eed367c0642f1e340f84225cc5f50a4f55.jpg'),
(1188, 83, 'c526ffdecbb06e7e34962c58285bbcb389831367.jpg'),
(1189, 83, 'ce44385a5cabf063212f08fc269dcfe476daf4ad.jpg'),
(1190, 83, '57a3e1c4a41aaf51640a60d5545c8548193e68de.jpg'),
(1191, 83, '1629c853ef5ee03d492ffd89f51dd7979a85e46d.jpg'),
(1192, 83, 'e61c7c21a377f421963e2d760f24a5ecf2ce8927.jpg'),
(1193, 83, '5d1482bd9eaafd9354b24993c3b1de0c3f7e0c76.jpg'),
(1194, 83, '948606edbc8f38765b0bbd9b13c31b353390d477.jpg'),
(1195, 83, '16e0aebedd57e8d1e67109e812e5904c16f06cef.jpg'),
(1196, 83, 'b7f5580bc9b826cd95c3b92ce824429c8a0eae4b.jpg'),
(1197, 83, 'd3f71052dfdef52280e848f411aae15443dab7bb.jpg'),
(1198, 83, 'a62721fefa932eb584bc3cf15d632dd1f1d7a482.jpg'),
(1199, 83, 'e92471acbebd2e7219677b0ea50a6c105fb22a71.jpg'),
(1200, 83, 'e65f5097c7555198b6870a0a339e1a6996113fdd.jpg'),
(1201, 83, '1b790ed2914b304b528e494d1f63a70fbc47bd54.jpg'),
(1202, 83, '6e23f148e35506bc57cba3d6bd41ad7efa6e9cde.jpg'),
(1203, 83, 'b7f6ac5058cd4fd6b7af17b872e6966f765fa53f.jpg'),
(1204, 84, '531a0eac444ead6d6c5de7278aa4e73e5b7e7347.jpg'),
(1205, 84, 'd5d21cb3e7030d29f0f9ddd53d457580ea2fcd81.jpg'),
(1206, 84, '7820055ca36bf8307cf9522d7f4ec73514867701.jpg'),
(1207, 84, '4a2777af2d767e85d881635bcdacd197f882be64.jpg'),
(1208, 84, '5f508dff3b3c642c9bec98cae42212279ce53cca.jpg'),
(1209, 84, 'caa210d4926fdaf21c697709374b924d16fff243.jpg'),
(1210, 84, '2ab450e1db9b6062dc63ca57d13ffc0ac2c48b94.jpg'),
(1211, 84, '383ebd0017b197f3b5f3b9564bff73239d391a60.jpg'),
(1212, 84, '0e9326212bbc4f336873aabc99a9734ad08a5703.jpg'),
(1213, 84, 'a40c01e7b160c4e2238574bd81fde9f3ee46d0e6.jpg'),
(1214, 84, 'dd3cfb5a77c2aa0462cf1ca52c4d5723d0cac440.jpg'),
(1217, 84, '902cb624c340655854f0183a146de9c74002af70.jpg'),
(1218, 84, '95ff6b3aa0d803779d7b87d4f24f282711748ffb.jpg'),
(1220, 85, 'd6fc53ff3e477c15710d05bfed2e5245efc63bbc.jpg'),
(1221, 85, '7052e7de3387e37ef85c8d8231f06069a4abd335.jpg'),
(1222, 85, '1678949d9b4e19ef554ca2f92cc7e50962f56ded.jpg'),
(1223, 85, '31ad441c71aa86c34c2f96cecb98c4cd4e27d4f3.jpg'),
(1224, 85, 'b9c0580b1864053372aef26b6f82004215063591.jpg'),
(1225, 85, 'dff23102269faff8556a38ef771e9a1919c10c05.jpg'),
(1226, 85, '7f71a6dfd631fb5f3af0ccbf88e51782c15ebe98.jpg'),
(1227, 85, '0f7976d801a0980e6b31ea08eb73be45649b0b69.jpg'),
(1228, 85, '4b43581be4670ad5c123529918e8d915e1777c47.jpg'),
(1229, 85, 'd80726cf59c108cb05c244790a190081709288d1.jpg'),
(1230, 85, '58f3b5cf4e558c08fa198baca008c577fbc79d18.jpg'),
(1231, 85, '2012f4b1cd5cd1bdb38abb46ff6fbd3133648122.jpg'),
(1232, 86, '85bd218e60f326869b574d8c3ffa6c5c5c48b820.jpg'),
(1233, 86, 'a284ff8a75f6002e7e95d8941b43e8e9c247c1a6.jpg'),
(1234, 86, '9adf1d6387d0d1cb71a9c0dfbde3e2e10a13c6b3.jpg'),
(1235, 86, '747480a0ad1ac12d67595506469eaf66e96dc20e.jpg'),
(1236, 86, '8331ca72c51b15b3c2c1fdec4c71524ca166247c.jpg'),
(1237, 86, '887fff26fdc16ab926e705b986cca373f5e86a99.jpg'),
(1238, 86, '8c0bbb5adbd4ccaf60fc8da344062e4e65c6a046.jpg'),
(1239, 86, '62ffc6a0e5856f6528a0eb1bb075ed5e6ebdc8e3.jpg'),
(1240, 86, 'ff2a7ebaf83387ee14d6fe367bdd18b366d0084d.jpg'),
(1241, 87, 'ac507b330c8751e020ed21b52ad8d20b4029880f.jpg'),
(1242, 87, 'ed382c1596915a4bddfb0bd1515b99df17a99cff.jpg'),
(1243, 87, '8511510f62486bf2781fc0cde9445256de52d436.jpg'),
(1244, 87, '6f54d25aeca0edbb973ab6dd0e40e0122dc788e8.jpg'),
(1245, 87, 'e3e272b0f10fc79e16415c667ac25f3942d1c421.jpg'),
(1246, 87, 'fee7ea51e27b53e37d91fcb306ede4f2c028d5c3.jpg'),
(1247, 87, '429e8ae768abf624acc1c85082f3d8da08d5605e.jpg'),
(1248, 87, 'c5b3007a1500e52da755018ef81d7b3f6ca2bfe4.jpg'),
(1249, 87, '82a776130b4755b37627b742ac4be503b6a044e9.jpg'),
(1250, 87, '56d0b6d25d38c101a5973fb0dc4c43378b382938.jpg'),
(1251, 87, '9ad973183f883412d9a26f1f128579f3e48fafe2.jpg'),
(1252, 87, 'c7224c5ccb6627603b67f08297ec60cdaa29b2a4.jpg'),
(1253, 87, '4472f136eeef63fad248c0644f40f226cb075d61.jpg'),
(1254, 87, '3589daf7bc539987a2c8f372f14e26550cfd7922.jpg'),
(1255, 87, '23030cba4c6337fedf53ee3a7ba852b12ea65176.jpg'),
(1256, 88, '71cde90ab680081c1bd6fc71c70a1e968a15f553.jpg'),
(1257, 88, '259d39f15643d8faa29dc442dd48c173477bd5d7.jpg'),
(1258, 88, 'abb054dd0e6ce96546567de92e1de64a9b48a2e8.jpg'),
(1259, 88, 'a1b8570fbbdecb7debc80074fec1c9e46dd3699d.jpg'),
(1260, 88, '099aa130e4ad56bf0bb4a94d4621818a47e28623.jpg'),
(1261, 88, '9f4ff60b68f0507601dd308aa27b3e6e7d024377.jpg'),
(1262, 88, '160cef29d669fd6b40b1a0de74f1111edeca84f6.jpg'),
(1264, 88, 'f03d44dfdfa2bfb4f67ed008bb42c15d8f629f4d.jpg'),
(1265, 88, '41f9e69bd14676257faa37cd26457b9dae44fdde.jpg'),
(1266, 88, 'c5c0959dcfae3efb9998e8b20bdc51b3425cdcd3.jpg'),
(1267, 88, 'd2277235342f6f0c4a996d8a142bcd378972e722.jpg'),
(1268, 88, '16ac0cae4f41757b4e0928d998110eaf54e3e599.jpg'),
(1270, 88, '6698c0be91d76475dc22c047084d3cfa35255109.jpg'),
(1271, 88, '1205af999600282806ec2327ea619e70170465a7.jpg'),
(1272, 88, '52187a7645d227f83ba4b33eec4737c33d1af061.jpg'),
(1273, 88, 'c2e80dc195f704c6018458b8c6a9791a3f03bf5e.jpg'),
(1274, 88, '4a15fd09168402af9d8a0a3f9e1b408933191cac.jpg'),
(1275, 88, '540d112d22722c94fb39561943f0fd5adec8ed30.jpg'),
(1276, 88, '10ea6194ae175adc462cc51ffa7e4fb4739ef86c.jpg'),
(1277, 88, 'd4b79656c90e930887584739a47de1e107d6d9c2.jpg'),
(1278, 88, '433e52fbdd2ed960f8b6470f2f50f203c2198722.jpg'),
(1279, 88, '8dd4819601b743d210c0ed13c88f5b83726b6d6b.jpg'),
(1280, 88, '6b069b02ee789907a73ed9b73d817cb2f1521a8e.jpg'),
(1281, 88, '9daa8fe1abb2c9e2db5f3bb00c9b3a2c4f9ddacd.jpg'),
(1282, 88, '4178b0416dc122faf2c559afbd8054b8ec1e7a53.jpg'),
(1284, 88, 'a7d681c97c789929938424e0e89bfc2fb2e1b14b.jpg'),
(1286, 88, 'ae2fd1a18c6cecc71ab69aaff4796b4dfdb75c07.jpg'),
(1287, 88, 'f8cb984e53cc6144d07b2e00b70e624934bb90d0.jpg'),
(1288, 88, 'f90be1fa784b032207d215a6bcaba15585e97311.jpg'),
(1289, 88, 'b33925b5e1685f9417918d8b8012301c7894e92b.jpg'),
(1290, 88, '405fa14b3d13477ceef0ee391e14b6dce8756997.jpg'),
(1291, 88, 'cf56d1662c42b86fe4ea93e3fde1b2f355bab981.jpg'),
(1292, 89, '4898c4e8573e2ab198fbda69c2cbe7b77e374228.jpg'),
(1293, 89, '86fbcaf7131ce7f7559747113e54459544f2fc7a.jpg'),
(1294, 89, '206cd8e54ed701950e29d872c5f8cbbd2c05c39d.jpg'),
(1295, 89, '0e1ec4148687f5d468fff1ce368fd82610f417a9.jpg'),
(1296, 89, '5ef4e5d0765fea3e49f40620f7cccc508785abe2.jpg'),
(1297, 89, '82346d0e62f6dd35c5899b6bc7b919d1506d4f07.jpg'),
(1298, 89, 'd594ce9e06e2144fc43efacac4517c3abb38b019.jpg'),
(1299, 89, 'e7a997ebb3b76582caccb1775ebbb92a5e1d71de.jpg'),
(1300, 89, '410491260abd58e6b82f5d85064d33beb716d4e1.jpg'),
(1301, 89, '20caa31f5714ccffd6712985f089db97664cd9c0.jpg'),
(1302, 89, '17914e0be125d3d59b3ed9ac36484221397afaec.jpg'),
(1303, 89, '75e0cb2a3297d55865c0fd30271d03c90c34fd89.jpg'),
(1304, 89, 'a3889228f92602e5cdc8d5d0299a535c1def1865.jpg'),
(1305, 89, '0c30b314f8d95fd59dc9f5220ea85078e78dd45b.jpg'),
(1306, 89, '95c2892a494a28c8871a7a9f55082e78a38bbbfc.jpg'),
(1307, 89, 'f102dbb51de8a3c645142582adba1766a9acf150.jpg'),
(1308, 89, '583912ad6c83ee65217516896d5b2587d421d69c.jpg'),
(1309, 89, 'f19e52d713e7ae4f12656661696e7f9106099995.jpg'),
(1310, 89, 'b9dcfd63e186d11cd6c17c4f0661fd7feaf1ddfd.jpg'),
(1311, 89, '26c7de8c06f639985b855cf570f59ab710aec0dd.jpg'),
(1312, 89, '8b277054d1f5ec7d48ff51e942f368921b6d2c77.jpg'),
(1313, 89, '34e22042ff99bb991706774c972e2ae806244262.jpg'),
(1314, 89, 'ea71c5550bc7a33252e90b6370102c79233eb3f2.jpg'),
(1315, 90, '58803b3f06c3cc409b98a6df668d45a27b905b48.jpg'),
(1316, 90, 'dc5a5e2860cb0eb5bdba4a89945d8376318c13e8.jpg'),
(1317, 90, '5d9d06419efe9c4627e59db6f37758f9673a1666.jpg'),
(1318, 90, '878ea220d217dab20d271677cc47f818dc798e08.jpg'),
(1319, 90, '675a504bf1c6e75dfe75472c9d6959aba8af2bf7.jpg'),
(1320, 90, '62cce2317a0a83c6d831860fa482cd0935ced0fd.jpg'),
(1321, 90, '619cfc245504d738de4929cc6aaa26adfbb4e705.jpg'),
(1322, 90, '79d5d17fec2f50a4f2329ded444f20353fa1ab56.jpg'),
(1323, 90, '1ad022c07250d1c6e8fb3e3186319e8d640e43c2.jpg'),
(1324, 91, '9a0824b0fcc66919e4641258bb886d39eede35c0.jpg'),
(1325, 91, '004d9987413bec6f3e6eb2d6c782730359346e79.jpg'),
(1326, 91, '0134c1bfc81890b556eab1dd2ab4733756d99be6.jpg'),
(1327, 91, '3d4f8863d0e0a8129991fab28a5627970f9fe73b.jpg'),
(1328, 91, 'fe5b2d52ab0e4ecd531ed59340e024f28e447e95.jpg'),
(1329, 91, '469b8624c65bd727a334f9333afa700e86fc74bf.jpg'),
(1330, 91, 'ccf93575c5c0024fb75536b07d932768e3cccb18.jpg'),
(1331, 91, '361c4a571f2ce706fda0360c8e0c60924984a12a.jpg'),
(1332, 91, '760b927821b802dcd6dc38ecf68c2b531333730c.jpg'),
(1333, 91, 'fb6d6eae5d7bcbe580b7dae2da090f5b119bff6c.jpg'),
(1334, 91, 'bd530275df3996096087a3205ec2913fd19fe2fc.jpg'),
(1335, 91, 'df01a2e92235621ffedd3ef3e342d201f659445a.jpg'),
(1336, 91, 'b9c54e55818ed7d6a5b13082515909d4720e8f40.jpg'),
(1337, 91, '58d0289887e0920f4d9e61e1a5aa380430f60aaf.jpg'),
(1338, 91, 'f9350ad2c88da20513a57b44e29dc61b8135a129.jpg'),
(1339, 91, 'a2b9274666971309d5c7a06064d7f65f502242ee.jpg'),
(1340, 91, 'b0adfd3a9c353eab825101bc7f5024ebe3b893f6.jpg'),
(1341, 91, '41e996e11d5c7ebb484ccc38ba2e1f5d87ccefcb.jpg'),
(1342, 91, '9f82fbf92c8035e0f1fa6b28ee957e69b6485655.jpg'),
(1343, 91, '5e69657dabbab7e49cdd89caa7004eba0a7e4067.jpg'),
(1344, 91, 'd779ceee2b4d3ee99d82766a33d6ef72994319b4.jpg'),
(1345, 91, '200778ae90afa47e65d391018fa36b587959d210.jpg'),
(1346, 91, '8f08215a462309086c12b3fa45e4d156e2a857cb.jpg'),
(1347, 91, 'f459d86fc24e42cb809d7f7cf47ad77a2141ce27.jpg'),
(1348, 91, 'ee83f8ca78fb59144ddadba5d67538826e971e8e.jpg'),
(1349, 91, 'f4f729c58f8c80f762d7d193a0f0f586fd928e5c.jpg'),
(1350, 91, '691fa806df4d3deef38c29194a69fa07d7345971.jpg'),
(1351, 91, 'b462c8374c0b2e98a96e2c17cc4d457fcf67ca0f.jpg'),
(1352, 91, '755fb18326d229c8aab61d6ab59288af4a506589.jpg'),
(1353, 91, '88d318312f28df880c2f3e10841f26243d75d47d.jpg'),
(1354, 91, '273938e1b899011f07e2dff3bd1d05663f525975.jpg'),
(1355, 91, '15b2e0891822b16e37c0e7bc0bf6e11bae2a302b.jpg'),
(1356, 91, '7416a9edcb3b54eb90645b6c42d1505e78bbc6d1.jpg'),
(1357, 91, '06948ea5845178fa8ff694649f492a04354327ca.jpg'),
(1358, 91, 'bb6d87b8255fa1f58b867b8d5b524bd9d310a695.jpg'),
(1359, 91, 'fa36368088f1bb92c2cf13124fb8240e8d945451.jpg'),
(1360, 91, '9a64f1e8770f5b007397acc6c72eea123fb3eb38.jpg'),
(1361, 91, 'ddd84b9fa80d08d3d929bbcfae64c058a048fde1.jpg'),
(1379, 93, '9b1a41dbaaaf8769e7cf0a952f878e20da662f20.jpg'),
(1380, 93, 'f6e80a89e16a04da7d1385de8a8b3371320f562c.jpg'),
(1381, 93, '59e7b405cebfae0f055d98e5c32f527d7dd0db8e.jpg'),
(1382, 93, 'dd49944bfd226878d645e08c39ea67be00392159.jpg'),
(1383, 93, '9e963a068efbdd0e59dcad22c44ad261d97b74cc.jpg'),
(1384, 93, '1aa6fb4b3081b1f88938f7eba9ed75c9e319e321.jpg'),
(1385, 93, '06e30422fde53e26cb1dd71f4a05830e9b475694.jpg'),
(1386, 93, '61c9d49ea0e41cfa48463bf5c990aebd03eb3c86.jpg'),
(1388, 93, '3a9c22cd12b945876962080e7e8b0706ddc3fc14.jpg'),
(1390, 93, 'fb734f87bd4279b7d7b86eaf58432e63c4f748f7.jpg'),
(1391, 93, 'e696b4c55b6fad72c3933346cbb6e1eb74cd50e9.jpg'),
(1392, 93, '2c1891f01fe5264aa89bd0f93e2d1dd6d45c5ce4.jpg'),
(1393, 93, 'bba03526b402b48b6eb05932c6b57b2bb0c278de.jpg'),
(1394, 93, 'cb7a8c338d60cd24c599dbc6ac6b242d9ee13f39.jpg'),
(1395, 94, '8bef719f22b0ffc458584514adf68fa18381442f.jpg'),
(1396, 94, '42115514a3ddfc87aedda079f0796ba9d17f1bdf.jpg'),
(1397, 94, '4c58ef2e26ceb219d2f992572874b8c8e5ea2a7e.jpg'),
(1398, 94, '050101af96d23a35b9c1a4ddbf5ff6edf516e919.jpg'),
(1399, 94, 'e9c6d7ea4f9e00f57efe29e652096be4315de60a.jpg'),
(1400, 94, '7b7a3bdff7752e170ddb3d8b6bbaf6314be2aa51.jpg'),
(1401, 94, '9f0eccb80af41da43cb649faf612da10c8c32f2c.jpg'),
(1403, 94, 'af7b4f286dc0180b5de16a9209ff1e45311bac18.jpg'),
(1404, 94, '7130f225ea2ebc71b7467bb3f2ea5dc88d1703ab.jpg'),
(1405, 94, '63fc08b6c1ca07787d274b4728572a278dd79973.jpg'),
(1406, 94, 'be8548f20beaddbc070361044c6fc95e983d719f.jpg'),
(1407, 94, '762972d1cbcb4d3642f64bfa95c75845becdf542.jpg'),
(1408, 94, '4d4716ee53ae8379da6ed5513314d32c16a8590e.jpg'),
(1409, 95, '5255f499e401167d8afdb35bc5cd2adaf294d1bd.jpg'),
(1410, 95, 'e642dd53528b428c5dd1512342e60277e7cba63c.jpg'),
(1411, 95, 'cdbb2a9fd2b40212b598a7f8d15abef5d5a66c7a.jpg'),
(1412, 95, 'b8d755f798109b24ffaa176dd7c81b3913ad3259.jpg'),
(1413, 95, 'e0b2a3e96383f38dfdebb4cdef85df09484bf6c0.jpg'),
(1414, 95, '88378787d63892324bb56c27dfaa2492c3e376b1.jpg'),
(1415, 95, '67fff3a7659f0ed8871b32b49f52593f68a337d2.jpg'),
(1416, 95, 'ad938ba88705d31d0988dac67c554a6e937afb57.jpg'),
(1417, 95, '6c79b1357c4708381c26222ffbe0752b986f92e9.jpg'),
(1418, 95, '99eb82f657d715ed390143d7bedec71ec8966216.jpg'),
(1419, 95, '18cd194d03535faeb0cb3b9245e3fab1a9be947f.jpg'),
(1420, 95, 'bbb9906a45cb282a3ecdee42f6070621ea809653.jpg'),
(1421, 95, 'a4d98cb827037a92523a256c55f2c1e4b855c05c.jpg'),
(1422, 95, '9dc4c6dc4c56aeb449499447246f12941201ba1d.jpg'),
(1424, 95, '9425ca850b8ee55e1b0c03c4fa18359c78ed3c66.jpg'),
(1425, 95, '5b1a264e7b67b755f54c7a5505d8176bcf3c3f9d.jpg'),
(1426, 95, '7468a5e8d4c7ea1a23d07828553125da1ecbb347.jpg'),
(1427, 95, '596099ffde9e73e746fe4178d3fdb38bbe13a316.jpg'),
(1428, 95, 'fc78801918cabed4167db832a0444e25c612b6ca.jpg'),
(1429, 96, '96a1eceb2178e92dc966120672224eb81b1fc4b5.jpg'),
(1430, 96, '4163bb93c67c7c5c94f2a9c0308f85cb4612f9c5.jpg'),
(1431, 96, '0d36bfb89a6dd8c90e1f4268d8f693627dced9da.jpg'),
(1432, 96, 'd770c89b6a61693a44195f70fed5605eb4deb30e.jpg'),
(1433, 97, 'ebd52740ba87910d55908e3dea12f98606db9552.jpg'),
(1435, 97, 'cbaaedc3e1c3bf0551c98d62e6b5dadeff738c0b.jpg'),
(1436, 97, '37e74536415a416cae9ee137e1f6bd3886164131.jpg'),
(1437, 97, 'a8c68396e86f2cb76976747841461d96756d5f16.jpg'),
(1438, 97, '8d02bf1f276c356d9a62dfa632dc621e955d5132.jpg'),
(1439, 97, '57808d6fc9c528efe522168dad75056991075a0c.jpg'),
(1440, 97, '96698329fefabf05b750c1ab5e5aedd7537ce25f.jpg'),
(1441, 97, '199edca720edf3df36d2e25dd428b6a61d79bed0.jpg'),
(1442, 97, '4b29c326c5e8dd5cd52af316d9d911b4fa33a82b.jpg'),
(1443, 97, 'fd839262b8d73470c51ca1b479a7450692c5eb04.jpg'),
(1444, 97, '2c800a28393ab4b524f1a01b3122775fcd0c1ee4.jpg'),
(1445, 97, 'f8cfbfb71396755ddd2bc2a5057543ed8e53eec9.jpg'),
(1446, 98, '59c3884fdc8c50631c99cd9c523deca1a16e3a45.jpg'),
(1447, 98, 'b8c3017fbeae9ab739c15c16407ef45a37edbee2.jpg'),
(1448, 98, '6763f50d471078719f5716fe0cde13da3e88d998.jpg'),
(1449, 98, '32e5dd3e7184b1a92d3a9ca0af782899f27685f0.jpg'),
(1450, 98, '942a75d1a2d9a3b15062fe31f77657dd123940bd.jpg'),
(1451, 98, 'c70c6002517e166bef88539b1e2bb9d60131ed00.jpg'),
(1452, 98, '995d192f57032fe8c2ed96264354c058d19ac07b.jpg'),
(1453, 98, '81aedee51d551507924c39953c696acf5aa82df6.jpg'),
(1454, 98, 'e871debf64e974bcd07b9ec4b5a89dddb698e739.jpg'),
(1455, 98, 'bcbcb79560833357ef36b2c79fd89bc74262a0c3.jpg'),
(1456, 98, '37bab5c00a4e5377a54126ad8fca0b906fd2c656.jpg'),
(1457, 98, 'e7bb03b8931ddd4edf3e7b89df2820373541d1ac.jpg'),
(1458, 98, '56dbe45c11ef087767ced890068142ebf4f5640a.jpg'),
(1459, 98, '7365a3f27643347617c4b8d9a821ac8b8aa9ec45.jpg'),
(1460, 98, '30cf45d002ad1a146932d79e09e1682982ab5c0a.jpg'),
(1461, 99, '2c743dceac1ae154866ab6714da10d07c80fb0a3.jpg'),
(1462, 99, 'a79f6c5a35b2e9fc4c7b10020fd997e29a4b46d8.jpg'),
(1463, 99, 'bd68feb263ab87f9cfea53e3cb1fabdc6e57802c.jpg'),
(1464, 99, '3585b18b97ca116e8c35e57dca769142888f1465.jpg'),
(1465, 99, 'ee0c138aefa8ff12f5143bd8fb8c882f03db9541.jpg'),
(1466, 99, 'd5a596c4667edd1fb7c768895daf7f21b9aa8543.jpg'),
(1467, 99, '68bc2f880782ac4726d3e374686949bc8341426c.jpg'),
(1468, 99, 'fcffdf76a81ea836535cd4625aa65fd7ac79155a.jpg'),
(1469, 99, '4578a87fca4c7a84871ff30dbaf0d4b287fae4dc.jpg'),
(1471, 100, '6b039266380c20271639f62b8c328592d88c1c81.jpg'),
(1472, 100, 'a981d1a5a8ce14782d02fccf6c322ebe4786aa15.jpg'),
(1473, 100, 'c3a27a6d11c5f4e226e5252c5ec97304c17ae1cb.jpg'),
(1474, 100, '668b09fd1b5259b2c3848e6859e6b55002f88c21.jpg'),
(1475, 100, '139e6393d4704895ffbb4b556cf72193855c85ea.jpg'),
(1476, 100, 'bc7d314d43cf7bd5f534acc9d20e1b3d8039ca31.jpg'),
(1477, 100, '80faf5a866bc17b27a028fd69141fcde1c240538.jpg'),
(1478, 100, '5f632a68028408dfed46fa2316ff486b80cdf88c.jpg'),
(1479, 100, 'f80974b44925afeff7d426d536a799cb39021bb5.jpg'),
(1480, 100, 'c9df5d28753cec0e24c62927912d947d193fdc7d.jpg'),
(1481, 100, 'aa6413b08915432c30f11bab74bb8ac558768c48.jpg'),
(1482, 100, '9d95ef77633704d3421e51a3e9107fbd5cce6902.jpg'),
(1483, 100, '588246356d00ac3e570c8f95199096e9fc03232a.jpg'),
(1484, 101, '672125991c6899a533e2aa9874002124dd19f7ce.jpg'),
(1485, 101, '7fe34e78f4f518b8d1f713bab115cb36b0b298b1.jpg'),
(1486, 101, 'f1ad757020318120fb8078733113b338025a8411.jpg'),
(1487, 101, '71b722d54be5ef9e507c411d97df43082620cdf2.jpg'),
(1488, 101, 'd6004ec7449ea254946b8477e43a9924e642a8c0.jpg'),
(1489, 101, '9a77774ccdf1561af83806d5e8199dbba0cee2b6.jpg'),
(1490, 101, '9da93e61af7f25997a4f60cfb598aa213a6fd601.jpg'),
(1491, 101, 'dfe42a7828bf1f93297f7c223c8025a75eaaf6cf.jpg'),
(1492, 101, 'aecf18777a68ee3f0bdca17d15a09b9a01c443e2.jpg'),
(1493, 101, '39a696bd7fa5f4b475a21b47f61e2b484c8dd4eb.jpg'),
(1494, 101, '48f7636d1237773a9fe7a27658cd048cb0335d06.jpg'),
(1495, 101, 'af87c1a7f396e3b94d9d8760abadd8babab3c05c.jpg'),
(1496, 101, '1fde0b74e8559ee33e96454195808d4312de3273.jpg'),
(1497, 101, 'e6b15b4039b20949cd58a63813c5922898ffd48a.jpg'),
(1498, 101, 'f6dc8f62f6b2e0006fe3db20fe92cd6546e92a4d.jpg'),
(1499, 101, '5b4893f83a30e7a776d7fbfb14fa6555005e28cc.jpg'),
(1500, 101, '78607e84e2a725db88315606b7a1c3879ff256c8.jpg'),
(1501, 101, '71d9ee59da65fc89d9cf1eae0f22da2a4f4cd36a.jpg'),
(1502, 102, 'b88207b811e47e4fefe0edc4901af8691cc6e32f.jpg'),
(1503, 102, '4ed33680870b5dc71acf6bab8dfc32665ad0092e.jpg'),
(1504, 102, '26d3900a8c92ac62cbb81d2733fde059b1d222e6.jpg'),
(1505, 102, '7b987923debce3923c9f548c98d66d76f5165ca1.jpg'),
(1506, 102, '4b596b2caee1f38ca4720f696cd3ef1fb74be990.jpg'),
(1507, 102, '92001247015dc51d3cdf82743dee5650f195efa1.jpg'),
(1508, 102, 'b5cce8a328cf54a8b33c31e4bbdeb9a471c3a40f.jpg'),
(1509, 102, 'ebabbbaaa1affa42431c764f1ee1a599ff318ad6.jpg'),
(1510, 102, 'ecc5a75b345f167ebaa54f76c5ffdc7833568ccd.jpg'),
(1511, 103, '5f224f2ffa9019fdb4de809b39bcd63fbb06fbed.jpg'),
(1512, 103, 'f4f2b13808cb2b089a28c6e9afddc89ba31c9fac.jpg'),
(1513, 103, 'c3f19a197eafb89a49e727189e7340ba9dda10d0.jpg'),
(1514, 103, '1789405c1f66963fc95a56e0f76ff5ee50950070.jpg'),
(1515, 103, 'bf7b767237a3646a30ae51028c3ba9b7de7a5d5f.jpg'),
(1516, 103, 'fa1492b743566f17ddbcffdfe19e5954d899691e.jpg'),
(1517, 103, '3b0ce85a3a2b728db762076d035acfca10d05ef2.jpg'),
(1518, 103, 'ee0183f36b59a872557363237a1ea703f3acd0bb.jpg'),
(1519, 103, '8c039e663368ef81a3eddfda3133d70902cb0a23.jpg'),
(1520, 103, '46e856bbb571e3962d94f1cfb56fedadce0f3ae4.jpg'),
(1521, 103, '2a2a4bb05aeba85bdca5c8ca25107c314c8e1dca.jpg'),
(1522, 103, '3c9caa12e03b894d482046991309094b828ad2dc.jpg'),
(1523, 103, '471c398a7cd5706d00a579eb9e095fe8e553fe8b.jpg'),
(1524, 103, '18dc53367b963620a4998efe1f02d49260a2e742.jpg'),
(1525, 103, '4b4100c373699d521210b542d211003442c239c2.jpg'),
(1526, 103, '19109c88d4716d3efb63002b2c336c822b17de6a.jpg'),
(1527, 103, '8a229848e7ada8e6641c58ef7a79817467a33791.jpg'),
(1528, 103, 'f97878f43ffe0c2873c0e6da07ef41f9ffd37ebd.jpg'),
(1529, 103, '950f7ee8e7e93a37f15a24ccd1c9ca0edd5620c7.jpg'),
(1530, 104, '045a7fce2191ff6984d4e59e0159bb73b3a2659d.jpg'),
(1531, 104, 'a14691cb2b03d0ee7472bcb656870471c031d2bf.jpg'),
(1532, 104, 'bee1830cd9509cf678ae8d88690720251e12094d.jpg'),
(1533, 104, 'fbcb6a9f27b660b86055bd8a93e6db5e6e00d03e.jpg'),
(1534, 104, '48850c69cef82344036487eff35a0bb8539aa421.jpg'),
(1535, 104, 'a711717ab32da2c956c120e4bc1562b72d09d8f0.jpg'),
(1536, 104, 'a87974b7a2e8fb18c66a1d3557171b24c8e3dfc6.jpg'),
(1537, 104, '686224270d06b88b986e3da80a567a2bf3ab6f10.jpg'),
(1538, 104, 'a054bc68b36731a547126a94f9e21a44aa8f7afe.jpg'),
(1539, 104, 'ef0d37331ab8203af29cc194bdeecebcd160f861.jpg'),
(1540, 104, 'f021a9ab143381251bc0da0f2ddabf178810ab8f.jpg'),
(1541, 104, '471b399b2eb430856a03b136811c4c98551a55ca.jpg'),
(1542, 105, '0f4538a2fb0cc6d310b24bf8899dd96b5abbf0d6.jpg'),
(1543, 105, 'bc4930174ac754c65a148751afc62b5d2840b4e5.jpg'),
(1544, 105, 'e5eeeb3f4cf0548a0b98f4a96d2d97b1756b99b4.jpg'),
(1545, 105, '003b09a6f65cbfd42939d66e320d20483b5d0d60.jpg'),
(1546, 105, 'c62d83455e6adcaa8d0cd33a4f09f2bfa9b3a7a2.jpg'),
(1547, 105, '3d3ed206ef7fe38bf815c2558932fd76ddefa61e.jpg'),
(1548, 105, '1060896bc621bd162664aebe9e63748853c4a5b5.jpg'),
(1549, 105, '98ce45bb9a34379ab6a00ef8be21cb31b74705a6.jpg'),
(1550, 105, '80a093dc99f06d788e71bfaa82cd29b0b5f78ede.jpg'),
(1551, 105, '7eba957cae52837841ca45c3fe8d715efccb87db.jpg'),
(1552, 105, 'ab327e4e77a6627399a6854b73881b90c4485d21.jpg'),
(1553, 106, '2db2d82e0085bbf60a5510eda8c39266da0db983.jpg'),
(1554, 106, '844c88279f2c51306645a30e5b9456d53fc9116b.jpg'),
(1555, 106, '51c6b1b98d510d7411011a03ac8cfd34e39ebc84.jpg'),
(1556, 106, '19dc90f58fce9bd39cce3bd9e456d21145bf06d5.jpg'),
(1557, 106, '6fc415e0be66953b73fb6a9b45091894c63c10aa.jpg'),
(1558, 106, '34678305afc40b0917f271141f653fe896a37316.jpg'),
(1559, 106, '367add5f5f5134fe774a2f36e6a7dbafb1d23ab4.jpg'),
(1560, 106, '59cfdcede03b4c2e90d8bd5228ca0af05b14e824.jpg'),
(1561, 106, 'fa92873ade0f59871994c054feed66c30ae14225.jpg'),
(1562, 106, '451f2a718aceeec69832cd5f27e6987537cc2c4d.jpg'),
(1563, 106, '062db419417e3f23a400b37c4b169bfccc52e672.jpg'),
(1564, 106, '985554bd20cd795a954d638a58fa77e94f9d9204.jpg'),
(1565, 106, '8aa5cf50699243f35f9f6ff967a5158d2d84e0f2.jpg'),
(1566, 106, 'fbe8d7c4850b690a7772017e338c23f639beab4e.jpg'),
(1567, 106, '6e59429438fcc057c0ac8aff8fca3fab6f3cd5f3.jpg'),
(1568, 106, 'a02f7f2a189f549d4c14fb529d2d0043c0f06f38.jpg'),
(1569, 106, 'ad178c40f57b4db6d4dea3eca7052f493d643914.jpg'),
(1570, 106, '69afdbe0688a298b66f94fa9bcd7ff3cdea71971.jpg'),
(1571, 106, '91e34fff710868e357e308f4b0ecd233c9c4cb9f.jpg'),
(1572, 106, '29dc97961cb6f3a114e29cd78a5181b7057e45cd.jpg'),
(1573, 106, 'e32258bc08c060e2261ca55aa3b9bf1a52cbceed.jpg'),
(1574, 107, '9aed27ac2b9b8bf1d168c4e0ed7a1d45772745d8.jpg'),
(1575, 107, 'be87b3f052ea980399b439f5953406c3f517b857.jpg'),
(1576, 107, 'dedd4dbfece229193e0db8eddbf99ff6db10d13e.jpg'),
(1577, 107, 'b85ce26a8521a5de4a52fb98d4edffa4adc7f5d4.jpg'),
(1578, 107, 'b6f8f6235bf81939352c717c4832303e60a80f8d.jpg'),
(1579, 107, 'b616a6449b60db4b1916a9ba8ffc22d81daf7330.jpg'),
(1580, 107, '13671b7f1ea0122b65cd9c3ffae2b6bc34d9933b.jpg'),
(1581, 107, '7660b95af5461b07463500b894f44d163a067088.jpg'),
(1582, 107, 'f4219f2406c1f21fcc752e91ad4727ae599a9815.jpg'),
(1583, 107, '45dd2f98de59e688bab0cc219fdc6114dc16b658.jpg'),
(1584, 108, '7111980ffcbdf5205b1d049a4421e3fa70fe6d03.jpg'),
(1585, 108, '45ef05b13f366bf432905c9c212c1170ef72f275.jpg'),
(1586, 108, '9c378d228841ce7ed9000033554abb6b28c1326c.jpg'),
(1587, 108, '20ba61a51673fb3a3faf7a5af757d51cac74a75c.jpg'),
(1588, 108, '11d07d591298ada0143984f3db1e670c2943a7fb.jpg'),
(1589, 108, '623fa8b268f978da33bb0ef97f891f306ef523d4.jpg'),
(1590, 108, '7466815167a78c0bde6b3f4a154aa2742de32a72.jpg'),
(1591, 108, 'f0450a22d2b91e8a450a2be0563f08df874f1fd4.jpg'),
(1592, 108, 'ff96cf553a253edd1edb94dd997a52c2d349b745.jpg'),
(1593, 108, 'a3097782af5bef46c8dd036d5f47ca2139143ea4.jpg'),
(1594, 108, 'a79e624316661f3cf4004c8cc1dc573da7b4e321.jpg'),
(1595, 108, '1f21850e67bfe05a6cc6df66ef845d93ada012e3.jpg'),
(1596, 108, '81d3843ae732a08cab079d3ea3ff175a9f55ff78.jpg'),
(1597, 108, '4a82dc8a065e07c8edf7c1d70de9440ab47a4689.jpg'),
(1598, 108, '295a2af8a9d0ff5a5e091bb53b6d3c11e9caa5e9.jpg'),
(1599, 108, '265bc73903d7fa93670207bfae95d65f7a9ac82b.jpg'),
(1600, 108, '56556b20c883306aa602b13994435abaec891e5d.jpg'),
(1601, 108, 'e386554aec6022cd3e1d61bef1af4c1a9e98308a.jpg'),
(1602, 108, '473b97189e94b999fd8af47642a12056f4b2ce0f.jpg'),
(1603, 108, '372b5de2b14d67bfa92a3430d31f68bf9b3134f9.jpg'),
(1604, 108, 'ebd785ce67fe9dcdeae7082fefdd0d801695c90f.jpg'),
(1605, 108, 'e16348bfa581d9059d7fe9897ff77ce940591dca.jpg');

-- --------------------------------------------------------

--
-- Estructura de tabla para la tabla `sf_guard_forgot_password`
--

CREATE TABLE IF NOT EXISTS `sf_guard_forgot_password` (
  `id` bigint(20) NOT NULL AUTO_INCREMENT,
  `user_id` bigint(20) NOT NULL,
  `unique_key` varchar(255) DEFAULT NULL,
  `expires_at` datetime NOT NULL,
  `created_at` datetime NOT NULL,
  `updated_at` datetime NOT NULL,
  PRIMARY KEY (`id`),
  KEY `user_id_idx` (`user_id`)
) ENGINE=InnoDB DEFAULT CHARSET=latin1 AUTO_INCREMENT=1 ;

--
-- Volcar la base de datos para la tabla `sf_guard_forgot_password`
--


-- --------------------------------------------------------

--
-- Estructura de tabla para la tabla `sf_guard_group`
--

CREATE TABLE IF NOT EXISTS `sf_guard_group` (
  `id` bigint(20) NOT NULL AUTO_INCREMENT,
  `name` varchar(255) DEFAULT NULL,
  `description` text,
  `created_at` datetime NOT NULL,
  `updated_at` datetime NOT NULL,
  PRIMARY KEY (`id`),
  UNIQUE KEY `name` (`name`)
) ENGINE=InnoDB  DEFAULT CHARSET=latin1 AUTO_INCREMENT=3 ;

--
-- Volcar la base de datos para la tabla `sf_guard_group`
--

INSERT INTO `sf_guard_group` (`id`, `name`, `description`, `created_at`, `updated_at`) VALUES
(1, 'admin', 'Grupo de Administradores', '2012-01-26 23:13:29', '2012-01-26 23:13:29'),
(2, 'editor', 'Grupo de Editores', '2012-01-26 23:13:29', '2012-01-26 23:13:29');

-- --------------------------------------------------------

--
-- Estructura de tabla para la tabla `sf_guard_group_permission`
--

CREATE TABLE IF NOT EXISTS `sf_guard_group_permission` (
  `group_id` bigint(20) NOT NULL DEFAULT '0',
  `permission_id` bigint(20) NOT NULL DEFAULT '0',
  `created_at` datetime NOT NULL,
  `updated_at` datetime NOT NULL,
  PRIMARY KEY (`group_id`,`permission_id`),
  KEY `sf_guard_group_permission_permission_id_sf_guard_permission_id` (`permission_id`)
) ENGINE=InnoDB DEFAULT CHARSET=latin1;

--
-- Volcar la base de datos para la tabla `sf_guard_group_permission`
--

INSERT INTO `sf_guard_group_permission` (`group_id`, `permission_id`, `created_at`, `updated_at`) VALUES
(1, 1, '2012-01-26 23:13:29', '2012-01-26 23:13:29'),
(2, 2, '2012-01-26 23:13:29', '2012-01-26 23:13:29');

-- --------------------------------------------------------

--
-- Estructura de tabla para la tabla `sf_guard_permission`
--

CREATE TABLE IF NOT EXISTS `sf_guard_permission` (
  `id` bigint(20) NOT NULL AUTO_INCREMENT,
  `name` varchar(255) DEFAULT NULL,
  `description` text,
  `created_at` datetime NOT NULL,
  `updated_at` datetime NOT NULL,
  PRIMARY KEY (`id`),
  UNIQUE KEY `name` (`name`)
) ENGINE=InnoDB  DEFAULT CHARSET=latin1 AUTO_INCREMENT=3 ;

--
-- Volcar la base de datos para la tabla `sf_guard_permission`
--

INSERT INTO `sf_guard_permission` (`id`, `name`, `description`, `created_at`, `updated_at`) VALUES
(1, 'admin', 'Permisos de Administrador', '2012-01-26 23:13:29', '2012-01-26 23:13:29'),
(2, 'editor', 'Permisos de Editor', '2012-01-26 23:13:29', '2012-01-26 23:13:29');

-- --------------------------------------------------------

--
-- Estructura de tabla para la tabla `sf_guard_remember_key`
--

CREATE TABLE IF NOT EXISTS `sf_guard_remember_key` (
  `id` bigint(20) NOT NULL AUTO_INCREMENT,
  `user_id` bigint(20) DEFAULT NULL,
  `remember_key` varchar(32) DEFAULT NULL,
  `ip_address` varchar(50) DEFAULT NULL,
  `created_at` datetime NOT NULL,
  `updated_at` datetime NOT NULL,
  PRIMARY KEY (`id`),
  KEY `user_id_idx` (`user_id`)
) ENGINE=InnoDB  DEFAULT CHARSET=latin1 AUTO_INCREMENT=2 ;

--
-- Volcar la base de datos para la tabla `sf_guard_remember_key`
--

INSERT INTO `sf_guard_remember_key` (`id`, `user_id`, `remember_key`, `ip_address`, `created_at`, `updated_at`) VALUES
(1, 1, 'bwogytxujl4o8ws0sww40swokscsg0k', '190.245.5.162', '2012-02-26 12:22:26', '2012-02-26 12:22:26');

-- --------------------------------------------------------

--
-- Estructura de tabla para la tabla `sf_guard_user`
--

CREATE TABLE IF NOT EXISTS `sf_guard_user` (
  `id` bigint(20) NOT NULL AUTO_INCREMENT,
  `first_name` varchar(255) DEFAULT NULL,
  `last_name` varchar(255) DEFAULT NULL,
  `email_address` varchar(255) NOT NULL,
  `username` varchar(128) NOT NULL,
  `algorithm` varchar(128) NOT NULL DEFAULT 'sha1',
  `salt` varchar(128) DEFAULT NULL,
  `password` varchar(128) DEFAULT NULL,
  `is_active` tinyint(1) DEFAULT '1',
  `is_super_admin` tinyint(1) DEFAULT '0',
  `last_login` datetime DEFAULT NULL,
  `created_at` datetime NOT NULL,
  `updated_at` datetime NOT NULL,
  PRIMARY KEY (`id`),
  UNIQUE KEY `email_address` (`email_address`),
  UNIQUE KEY `username` (`username`),
  KEY `is_active_idx_idx` (`is_active`)
) ENGINE=InnoDB  DEFAULT CHARSET=latin1 AUTO_INCREMENT=2 ;

--
-- Volcar la base de datos para la tabla `sf_guard_user`
--

INSERT INTO `sf_guard_user` (`id`, `first_name`, `last_name`, `email_address`, `username`, `algorithm`, `salt`, `password`, `is_active`, `is_super_admin`, `last_login`, `created_at`, `updated_at`) VALUES
(1, 'Sebastian', 'Toledo', 'nuevasformas.muebles@gmail.com', 'admin', 'sha1', '23e86ee798afe785984863564eaec872', '9730c389e3cba1f033dd453968e820ed02336e9d', 1, 1, '2012-07-25 17:34:00', '2012-01-26 23:13:29', '2012-07-25 17:34:00');

-- --------------------------------------------------------

--
-- Estructura de tabla para la tabla `sf_guard_user_group`
--

CREATE TABLE IF NOT EXISTS `sf_guard_user_group` (
  `user_id` bigint(20) NOT NULL DEFAULT '0',
  `group_id` bigint(20) NOT NULL DEFAULT '0',
  `created_at` datetime NOT NULL,
  `updated_at` datetime NOT NULL,
  PRIMARY KEY (`user_id`,`group_id`),
  KEY `sf_guard_user_group_group_id_sf_guard_group_id` (`group_id`)
) ENGINE=InnoDB DEFAULT CHARSET=latin1;

--
-- Volcar la base de datos para la tabla `sf_guard_user_group`
--

INSERT INTO `sf_guard_user_group` (`user_id`, `group_id`, `created_at`, `updated_at`) VALUES
(1, 1, '2012-01-26 23:13:29', '2012-01-26 23:13:29');

-- --------------------------------------------------------

--
-- Estructura de tabla para la tabla `sf_guard_user_permission`
--

CREATE TABLE IF NOT EXISTS `sf_guard_user_permission` (
  `user_id` bigint(20) NOT NULL DEFAULT '0',
  `permission_id` bigint(20) NOT NULL DEFAULT '0',
  `created_at` datetime NOT NULL,
  `updated_at` datetime NOT NULL,
  PRIMARY KEY (`user_id`,`permission_id`),
  KEY `sf_guard_user_permission_permission_id_sf_guard_permission_id` (`permission_id`)
) ENGINE=InnoDB DEFAULT CHARSET=latin1;

--
-- Volcar la base de datos para la tabla `sf_guard_user_permission`
--


--
-- Filtros para las tablas descargadas (dump)
--

--
-- Filtros para la tabla `model`
--
ALTER TABLE `model`
  ADD CONSTRAINT `model_category_id_category_id` FOREIGN KEY (`category_id`) REFERENCES `category` (`id`);

--
-- Filtros para la tabla `model_image`
--
ALTER TABLE `model_image`
  ADD CONSTRAINT `model_image_model_id_model_id` FOREIGN KEY (`model_id`) REFERENCES `model` (`id`) ON DELETE CASCADE;

--
-- Filtros para la tabla `sf_guard_forgot_password`
--
ALTER TABLE `sf_guard_forgot_password`
  ADD CONSTRAINT `sf_guard_forgot_password_user_id_sf_guard_user_id` FOREIGN KEY (`user_id`) REFERENCES `sf_guard_user` (`id`) ON DELETE CASCADE;

--
-- Filtros para la tabla `sf_guard_group_permission`
--
ALTER TABLE `sf_guard_group_permission`
  ADD CONSTRAINT `sf_guard_group_permission_group_id_sf_guard_group_id` FOREIGN KEY (`group_id`) REFERENCES `sf_guard_group` (`id`) ON DELETE CASCADE,
  ADD CONSTRAINT `sf_guard_group_permission_permission_id_sf_guard_permission_id` FOREIGN KEY (`permission_id`) REFERENCES `sf_guard_permission` (`id`) ON DELETE CASCADE;

--
-- Filtros para la tabla `sf_guard_remember_key`
--
ALTER TABLE `sf_guard_remember_key`
  ADD CONSTRAINT `sf_guard_remember_key_user_id_sf_guard_user_id` FOREIGN KEY (`user_id`) REFERENCES `sf_guard_user` (`id`) ON DELETE CASCADE;

--
-- Filtros para la tabla `sf_guard_user_group`
--
ALTER TABLE `sf_guard_user_group`
  ADD CONSTRAINT `sf_guard_user_group_group_id_sf_guard_group_id` FOREIGN KEY (`group_id`) REFERENCES `sf_guard_group` (`id`) ON DELETE CASCADE,
  ADD CONSTRAINT `sf_guard_user_group_user_id_sf_guard_user_id` FOREIGN KEY (`user_id`) REFERENCES `sf_guard_user` (`id`) ON DELETE CASCADE;

--
-- Filtros para la tabla `sf_guard_user_permission`
--
ALTER TABLE `sf_guard_user_permission`
  ADD CONSTRAINT `sf_guard_user_permission_permission_id_sf_guard_permission_id` FOREIGN KEY (`permission_id`) REFERENCES `sf_guard_permission` (`id`) ON DELETE CASCADE,
  ADD CONSTRAINT `sf_guard_user_permission_user_id_sf_guard_user_id` FOREIGN KEY (`user_id`) REFERENCES `sf_guard_user` (`id`) ON DELETE CASCADE;
